id	filename	md5	size	state
a89e8651-c5a2-4a53-a709-e042199bccef	abed1903-4541-4fa2-a274-079a88bee472.wxs.aliquot_ensemble_raw.maf.gz	5a2ba82d2a28eb7e9378546bafa47bfd	223016	released
ac607690-fca5-412f-8118-fa12419082ba	514d32f1-f689-47bc-b748-2a831cc21d37.wxs.aliquot_ensemble_raw.maf.gz	378fb10bfdd845877d13cdcfd4aebc38	400831	released
f16410b4-f204-4e4a-9ce4-43d8b4a72fc9	15b7e9b4-d91b-4922-8716-823254743be6.wxs.aliquot_ensemble_raw.maf.gz	12f337c971ce8a87b5c03d2ac1cd28c9	193785	released
828fe324-bd30-4c73-b487-50bb47d788c0	563682fe-a266-4e32-85cd-1c785856892f.wxs.aliquot_ensemble_raw.maf.gz	e0334dbcf8f68375123f2cf7bb42ffa2	188472	released
46c0e346-215e-4644-9fb1-2aaa74bb0fbe	074862f2-acbf-4141-a72a-da28c9cb5f39.wxs.aliquot_ensemble_raw.maf.gz	a69d3a54b495b8764bbbb40814e5df9e	168118	released
80a0562d-9a16-486c-a0ad-98300995aecc	00c2e7e1-5cac-4ff6-84ac-68d01caf2bd3.wxs.aliquot_ensemble_raw.maf.gz	974b6449489325645787cf5812ae4978	397138	released
e8cfd25a-5935-473e-93be-fff4b5ffdcf6	93ebfbac-d457-41f8-9fa1-1b65c4589fc8.wxs.aliquot_ensemble_raw.maf.gz	67cf530f7626d8fee963588371b98ee1	597732	released
acc69042-5101-4a8f-b3ba-cbd7439ba126	d79c2668-6f1e-4736-ac9e-08e7fa58321d.wxs.aliquot_ensemble_raw.maf.gz	90b04b40f3cbd32e1f823b56a211a3c1	111883	released
8a3acc85-3d7a-428d-8049-2bf5c2f1066a	91bc73cd-f60f-4723-9aed-c7043e2ba529.wxs.aliquot_ensemble_raw.maf.gz	9a3cc64a22e44f1c6193812a651d28e0	311806	released
db95cc93-e77e-4926-baf4-30880ca64d85	5f03ea6f-ff8f-401c-8585-4c6e7fd81f47.wxs.aliquot_ensemble_raw.maf.gz	3cf6b3aae08662abbdc27bed0910ee84	49381	released
e9fd5949-8cd9-46bb-930d-c147f5171016	6268811e-1d3c-433b-93c2-88ec69f3b499.wxs.aliquot_ensemble_raw.maf.gz	add4964a6e5ca321a7575b3dcc89b684	196546	released
2f345e55-e095-4db9-ba1e-8d0b0b6c26b2	baa26760-7f80-4254-bb9d-ce5b8a3e320f.wxs.aliquot_ensemble_raw.maf.gz	690850641261e4ce0025098cb80c9899	602971	released
13a21ce8-9ebf-4029-bb5d-173dc4d49062	df4ec609-f306-4e2e-a658-7604b16b2618.wxs.aliquot_ensemble_raw.maf.gz	0d9d80f7113441d20361737b7eaa86d9	588508	released
80f8a944-aefe-4333-bb43-3495077a45e0	ede6b4a7-aa1d-4324-b91e-d842f7f7cdc6.wxs.aliquot_ensemble_raw.maf.gz	d25fe03f238b10ebbfa06a0e95b825b7	184646	released
ed567074-dee4-49df-adef-b27c947fcf85	d89cef34-ac28-4a20-ba80-13a831b1a1e5.wxs.aliquot_ensemble_raw.maf.gz	2446c5cda0da7f6f5da5f65893aeb14f	496873	released
3d218ba5-bc14-4a37-8cbc-9007eca904de	ec4ae919-52e3-41d2-9d32-666464c26fb3.wxs.aliquot_ensemble_raw.maf.gz	98fd41bf0409404001ad0904a164633d	165850	released
9d8e946a-cc56-4af5-ad2f-ae8254db5fdf	0307f560-777b-4492-bffd-8eacae8da208.wxs.aliquot_ensemble_raw.maf.gz	7d3e647ffe411d7d604121123b52eea2	482253	released
91fcc301-4d27-4ac2-bc0f-4bf6cc816f93	2c7140ef-b956-443a-bc92-ced7dadd9a9c.wxs.aliquot_ensemble_raw.maf.gz	e0df28dd84996ebaf77fc4f7c3be3d80	221095	released
d3a7d850-99f8-4eaa-933a-3d15745ac7fd	58529771-2790-474a-8705-17d544e16999.wxs.aliquot_ensemble_raw.maf.gz	fdfe7a126f4e903a62ffac96dc43650a	176924	released
63b3d78d-4902-4dea-ac65-34759063656d	778cde8c-6445-4b59-9185-3cc50f51836d.wxs.aliquot_ensemble_raw.maf.gz	4b28c2a946235380a6d5420ce8cec6bf	907870	released
a33b8526-2d25-4c8f-aa24-5aa83ea04d47	a508d3c7-72da-4149-84a0-292da3558fb8.wxs.aliquot_ensemble_raw.maf.gz	105bf88a11bbd81be79542922f0c351f	253407	released
c38a1d9b-ad85-4ae1-af60-ba0adba2ba31	c9c2b011-b8a1-4247-adca-4e9578cc52ec.wxs.aliquot_ensemble_raw.maf.gz	d826cf3c3df7cb0da29692b5c73eb41b	341235	released
b3a50b82-d2de-44b3-9c92-66316a696748	bf57b828-d8cd-401c-9bfa-35adedcbe916.wxs.aliquot_ensemble_raw.maf.gz	32d3b342ee7aa54e6c67bd56a2a12268	318348	released
1873edae-60bd-4cbf-9b6b-59d8eea1a635	c07a24a8-cdb2-4ae2-af2c-33848f15159f.wxs.aliquot_ensemble_raw.maf.gz	49f20db05818e99917956317fe5c8016	336244	released
c430266d-6649-4bbb-9951-85dc3c970171	964b8ceb-a3d4-4896-ab7a-7f11cecf2a20.wxs.aliquot_ensemble_raw.maf.gz	1bc437cdf3dd8e2084cda3ae08b34957	353779	released
011d1f28-eef2-40b6-a775-859e20fa6803	963ab360-a6c6-4ceb-8546-be217ff8be35.wxs.aliquot_ensemble_raw.maf.gz	076fa0f6bf7af9f4c2c0cecc2c232967	423992	released
b3dc9446-f3fe-492b-af3d-b4b77852d020	096e533c-7ed1-4fc6-b537-dea6f846b468.wxs.aliquot_ensemble_raw.maf.gz	dd87f120d43db5adda88522f7ad0e0fc	450662	released
4d8205d5-af86-455c-a1a0-2f7d49434c1c	6eb5d46b-ab8b-47f0-a36e-e73f9e05542e.wxs.aliquot_ensemble_raw.maf.gz	0795f546cd345e9bec3d051c2a32ff36	363249	released
e4e2bec1-c895-4515-8f28-3c39146442b1	5bb8fba9-106c-4b35-9cfc-00253560b361.wxs.aliquot_ensemble_raw.maf.gz	2c6bb95f3f5ae233e8af4250e6eeb089	237472	released
c4599b2c-8bf0-48ee-a5d7-3134fd8f0705	7eeb9de9-ec08-41f3-8450-f8701c736fd2.wxs.aliquot_ensemble_raw.maf.gz	0a1c7dcae404158118a7457751c9a16a	257962	released
475ae373-a624-4009-b83d-c6d94dd8a13b	6ccfb07e-ba1b-49c3-81a7-cfcd220afcb1.wxs.aliquot_ensemble_raw.maf.gz	1b39eb789e1394764e72ef166ed8dba6	372446	released
bba09c64-c80c-49d4-ae81-53d12061ea88	8ed57f1a-714d-480e-820f-ed34c701e1bf.wxs.aliquot_ensemble_raw.maf.gz	6368514c95896ca747df6092471248dd	404053	released
e24113bc-f5ed-44e6-90b6-c49157e124cc	5d96a89e-554d-42d2-835e-660ba5f5a325.wxs.aliquot_ensemble_raw.maf.gz	fe93c0d294ca9268bda97eaf28be968a	253922	released
cfd21978-e95f-4956-b780-b6cd628d1bd5	8383e3da-c1df-4780-979f-bc58e1322345.wxs.aliquot_ensemble_raw.maf.gz	549fed5c28539dc29cc1181ab7eaa6fd	86129	released
4862ef41-7fe8-4d13-8fe1-b98c9e6b10e2	10fb3ac7-3630-4738-b7d3-373e7be06037.wxs.aliquot_ensemble_raw.maf.gz	b46eeb5d350cb1f08a41e85cb536731a	443001	released
ebc083cc-31cf-4baf-8054-7935deaff9fd	aa64d00a-b405-4526-a033-bd308fe79c5b.wxs.aliquot_ensemble_raw.maf.gz	8771d16f64048291f7cb3e10101910eb	118648	released
8e938ae6-72ee-4def-80dc-8c81f84016ea	7ece21e7-6197-41b3-8152-cc388dfe2ed9.wxs.aliquot_ensemble_raw.maf.gz	9103966d741229d28b2d01df05069b68	563584	released
b5a4066b-62eb-4693-af7c-ffda63944e7b	e5adc5a1-38a7-46c5-a65e-d4cf08c3cf3d.wxs.aliquot_ensemble_raw.maf.gz	755377190b2f458796c3df42eb2fd5e6	397522	released
675f5b1c-f071-4668-9f56-8e9027c67050	78a71c8d-9b98-41b1-a206-3123f7cdddd7.wxs.aliquot_ensemble_raw.maf.gz	dea07d86c6bc7ba4fda443de4d7907ac	335481	released
4e8c20d3-4bae-491f-9e4a-741849f78676	4d870d17-e65b-4d9e-82de-0f6cdbcd55a3.wxs.aliquot_ensemble_raw.maf.gz	f91ab464ddf87ab6bc53dedc3a587e87	50136	released
2bf1805c-9620-4d4d-86f2-b83e1f05b2be	683228c7-dcd6-430f-88f5-a1afeacb5ffe.wxs.aliquot_ensemble_raw.maf.gz	4f66f2deef3b104582ffd6c3b5c69716	329699	released
49c4f45a-0a51-4af1-a31b-8ffbed931e20	48330638-0c8a-4ddd-81fc-7ed215d1869b.wxs.aliquot_ensemble_raw.maf.gz	ccb94fb3b1016b6eb7fdcbe6cb2beb7d	310618	released
ccbe489e-90e2-42f8-bfb8-3a831db984a6	083ba3f9-a51e-4150-95c1-6cb1a014f72b.wxs.aliquot_ensemble_raw.maf.gz	3cb5896c3bf2f9356b6ef634b579086e	219485	released
d6906bfb-2863-4458-ac45-b44a6451ed2f	dfb7c0a5-0c5f-46e8-9f0c-f7c53330322b.wxs.aliquot_ensemble_raw.maf.gz	918220e44e124e2efe770cdfeb4b403c	232713	released
97a8dfdc-3c64-45e5-ad00-6189d1783d0b	f5f0de46-8e12-4e9d-a9d4-509db39369da.wxs.aliquot_ensemble_raw.maf.gz	7c6dfec6a7c159c1b9f72a668e5d40d5	85114	released
eb3b5ac4-0ff6-454e-a571-fc205d471125	de384d7d-2f68-45ac-ad6e-ee851e607aac.wxs.aliquot_ensemble_raw.maf.gz	a795496f4dee22c5f0512b10b62ccee9	160660	released
f753ee2a-adc2-473a-b350-45f049b9676a	4bb37741-dfe9-4b77-93da-4a20792fe795.wxs.aliquot_ensemble_raw.maf.gz	8717a8c6a75906f2d4a8f7e89d98821e	858518	released
adc379c1-aff8-43ed-8d86-d5e76e321e79	13342a45-cc05-4876-99a0-2b70116535c0.wxs.aliquot_ensemble_raw.maf.gz	04b64c1610c458999f6f44280800d309	71452	released
7f58296a-704b-4ca2-9910-2dc767f378b0	2da5bbe8-ec5c-4726-b380-00a4da8033d3.wxs.aliquot_ensemble_raw.maf.gz	73de0437793390218c461f71fdaf8465	268277	released
72838224-f60f-4db6-8b66-e1ea00a882f7	ade64044-3918-4bdc-a392-3e0663bc4424.wxs.aliquot_ensemble_raw.maf.gz	51f0377db5f9b7d5e51d3de54733c61f	85048	released
e0abe384-3eaf-4f2d-927c-5386cc0d9a42	478eb139-b068-4828-83da-baf2286cd424.wxs.aliquot_ensemble_raw.maf.gz	0f90c76719554a625edce46b0bec0b4d	88382	released
402bcd8d-d6aa-4a3e-9ba6-9c7a700f4281	15efa039-1f99-4271-b297-4e1f789f14ff.wxs.aliquot_ensemble_raw.maf.gz	2ad0deb13f0f4846b90009bac3fe63dc	304199	released
fa516c76-cfdb-401d-8176-dccade8e316e	876e80f1-3c84-4649-b922-493d3f894786.wxs.aliquot_ensemble_raw.maf.gz	36fec881531517b4fc699505cc26881e	200552	released
839deef0-4c2d-4a52-8d03-78389446f7da	18e07a6f-9c1f-474e-92d9-47c426f715b5.wxs.aliquot_ensemble_raw.maf.gz	69710f4e83f11ec1b3a0c743e07d64af	252680	released
ac936e27-3158-4940-b537-75e97ba854fc	72725611-02d2-4c38-837a-249a9eb41373.wxs.aliquot_ensemble_raw.maf.gz	eee6ab33392040c316f1ec33591e2c44	98396	released
de4870d5-8cab-46eb-a218-4c368ee95c2d	90ea3402-5438-48d7-8195-7207a5b4ab98.wxs.aliquot_ensemble_raw.maf.gz	20eb723a506382747ffe00b43237e874	340759	released
2c6b74fb-916b-48a0-a8c1-497260cd57b0	a4afb459-8fc1-4b3e-95fe-5dbf41009fff.wxs.aliquot_ensemble_raw.maf.gz	6b9f0fa74cee0162ebd7ee45fa5a9a43	308094	released
63cb9c6b-bd78-4764-9145-728191c0f529	883c4075-e931-4364-95c4-6ea98243d8e8.wxs.aliquot_ensemble_raw.maf.gz	327fcd7e9e946ea19e25b380e3bd6c36	435483	released
06fdc24c-3028-4fa0-82a2-903b11eaadef	09f954ab-0a5a-4615-8a18-06a435bba86c.wxs.aliquot_ensemble_raw.maf.gz	73c7ee97fb82654feff1b00c85bf1dfc	242645	released
ca51b2b1-9e55-4aac-b468-65dbc0cb82bf	f679ab69-0fdc-4905-9086-01f4a6136df8.wxs.aliquot_ensemble_raw.maf.gz	fcf12d476bb08ae56e5eb287d88f2457	74648	released
13189225-9043-4aaa-8beb-8135e4bb0d41	46771022-a605-4e9f-96b5-ba2c3cb7c47f.wxs.aliquot_ensemble_raw.maf.gz	087ab8a508404b5a2af93fa4da2fd219	287758	released
653779e2-6beb-463f-9685-6ba677c1992b	037ecdc2-dc6a-45fd-8eb3-6fa1fc4db46e.wxs.aliquot_ensemble_raw.maf.gz	d1c398e4fbe2b7df1892e4f6182e86eb	368525	released
10847d8c-bf40-42de-80e3-4c80eb707877	b1ed9214-b0e9-44be-9517-bd8d771d1d0d.wxs.aliquot_ensemble_raw.maf.gz	6e7a64a8919455ddb5f0122a5d69d679	140312	released
423ef0ce-709a-4d05-b167-d31811b613e9	090b9ba2-7d58-4be9-afb3-f29b8a7e0337.wxs.aliquot_ensemble_raw.maf.gz	f38e76b9e3bd80d89eeb29f5a8ef4828	922199	released
5e8cea28-f5cc-47d8-96ff-a612be8aa2bf	a7582bc7-5fbf-41d4-b50a-635838ca7404.wxs.aliquot_ensemble_raw.maf.gz	824d3d462d0702002803a11034afa195	437442	released
fe29313c-08c1-49b2-9e30-d4fe20e19390	5619e5ba-f527-4b34-915c-3244dc8c268b.wxs.aliquot_ensemble_raw.maf.gz	089ced4f103f11291bbde6cf2f69ba6b	223017	released
714b3af7-8583-495e-998b-76a80d4587da	80fb6a60-988b-4237-82e1-3694c5dc1306.wxs.aliquot_ensemble_raw.maf.gz	5c6e83fc54a0577a8d57c91e0b8fdbd8	108303	released
7ba08850-b529-4cfa-84d5-fbf2af65dc39	d3ef5781-b308-4b21-b2ce-d137612b4279.wxs.aliquot_ensemble_raw.maf.gz	93645f5be251442ad3ab9ae1bf4b0996	185752	released
d5048fbb-7235-4357-95ff-a04c32d40fe5	ddf9889b-9391-4905-876c-ae739de2fc1b.wxs.aliquot_ensemble_raw.maf.gz	445e690d09ee2536e7dbebb2107af95f	449496	released
bcff15f2-3808-4106-baff-f2512e732dcd	f4899380-8783-4cdb-93fb-862e8f9ff402.wxs.aliquot_ensemble_raw.maf.gz	a7daad5f1d1efcee84b2c76eec2ca4df	180437	released
fd3f1dc5-31dc-497f-ba25-32339fe791be	93ea1822-8a18-4c09-a0ab-e74225938a59.wxs.aliquot_ensemble_raw.maf.gz	b15c7c886d017652b6fb9b73bd5d7ba7	171477	released
2fc37ae6-c051-46a2-ae95-4db0efbe4a42	1a47b275-62bc-42a1-8543-65caaacf5ed3.wxs.aliquot_ensemble_raw.maf.gz	12e2532d95566abd7aa17f3487a1786e	222947	released
aa677d59-63bb-44bd-a616-a84b06a3fe43	455d27a7-9bca-4f47-86ce-38afccfe9ab5.wxs.aliquot_ensemble_raw.maf.gz	f3f256a6c2ec1381fb7234661778fa78	159070	released
dccb5155-28c5-4e6c-a74c-123fc2ca2918	c7428d58-9e53-472c-8389-a812480e0686.wxs.aliquot_ensemble_raw.maf.gz	c2af728ebf812bbcdfa320d3b5735d11	191692	released
ac7c08a7-d127-4c0f-8a86-e4a962199bca	a1957b5d-d45b-4556-9352-3af184e725f2.wxs.aliquot_ensemble_raw.maf.gz	093740e0e06b66084b9b4a2bf0922c7d	82384	released
118b59c3-30d0-499e-a4f7-c7124c76897d	4da39cd3-7acc-4cc1-b877-1220d09f0bdb.wxs.aliquot_ensemble_raw.maf.gz	75783aea7589a58c83be718ac3d14ab8	213967	released
1d3a94db-78c6-412a-84da-19bef146bbd5	f099efdd-6021-4afd-9748-733e5056c0a4.wxs.aliquot_ensemble_raw.maf.gz	325ed63f4e39986707a39f3042cea801	143820	released
45a9cb7a-8516-4b6b-a4f6-6532a89e58c2	55899746-38e3-4a9c-87c2-dac4de6b693e.wxs.aliquot_ensemble_raw.maf.gz	ad840a4a76cf5fb9a0ecf78a2a07cf1a	476296	released
6e89ae1d-1a69-4dca-8ce2-e334321b4263	67691429-74f6-40fb-9c68-f408138b1dad.wxs.aliquot_ensemble_raw.maf.gz	3faccaad2e0dc9e7fa8b562095fa03ca	167052	released
3e2ecabe-d225-473b-9dd2-c259e841f8ab	6b7a0b2a-d183-4ea9-a938-3542e279457e.wxs.aliquot_ensemble_raw.maf.gz	865b9d699283168a3d073fd89c5965bc	125887	released
4cb41286-0912-445e-8d91-5bf909c3ace2	dcc71d2d-9707-4234-a3e7-49b9cf977250.wxs.aliquot_ensemble_raw.maf.gz	c846e9d60d173bfbcd1bb92f39aaa57f	156780	released
1e360c40-36d8-4206-9cf1-2793de81fdd2	150f8a17-f186-4f5f-8368-824ff22f2ebd.wxs.aliquot_ensemble_raw.maf.gz	76979649cfadd2e92b0ade9338445a2c	190483	released
f81b5604-c0cc-44f0-be48-60a59f63b1ac	98fb39e9-baa9-45eb-9024-8066f648fa65.wxs.aliquot_ensemble_raw.maf.gz	437a8fdd474af0f686bb264fff3a3986	152177	released
d7d2f1a7-53a5-474e-b44c-6835c023aa35	2b2866bb-5427-439d-b155-37542e596c48.wxs.aliquot_ensemble_raw.maf.gz	077f64012b61a36f7ff2752691feeda0	309396	released
82ad0e3a-583c-4f52-b79b-7dd53f403e74	6c850269-c292-4b95-a22a-3e6cb8e54b18.wxs.aliquot_ensemble_raw.maf.gz	f06857c5bd896e755a35b87cdb336741	112787	released
f9a29e13-83bf-46a4-8e03-3668fdd946d6	b0f91091-0153-488d-85b7-4544a0e22c1f.wxs.aliquot_ensemble_raw.maf.gz	272136b0a7ea5c8feb11ac1ca5c3e25f	128313	released
c792e682-cf00-4fc6-b83c-91ce26b1deb3	ae8bbb73-9bc2-4347-a7f5-8e57de1668ef.wxs.aliquot_ensemble_raw.maf.gz	b793e36388d577d951e154fd09bca6c1	141235	released
616487e9-53ba-4c49-b175-564d68bb4e37	5fe6f1f9-2825-47e1-84cd-6e45a6b34d9c.wxs.aliquot_ensemble_raw.maf.gz	c3296380c023a3cba7fc6dede9c22ca0	95560	released
4d7f1d8b-63c1-42d2-a6ca-3c755b8e5911	17aa2bf6-e83b-4a21-895b-af624c4da749.wxs.aliquot_ensemble_raw.maf.gz	1c87ebea82eba809436a06f308fc8431	245938	released
9b8f734b-4932-4c8a-993b-2430638c4e81	959dd170-dc8a-4167-894b-a6ab117f8d9d.wxs.aliquot_ensemble_raw.maf.gz	7b0c1784d0226d0d1bda5824b02b46b7	375158	released
d50b788f-39b8-404f-a812-927045c911ca	f6aba9b1-3310-4e09-b3c4-4b336740596b.wxs.aliquot_ensemble_raw.maf.gz	e2090d59ecc2091285fcee6dc9dd8dff	209730	released
65789479-e81b-4169-9627-0223d17aa814	0196bd59-8bff-46da-a06a-4114fb1ffdb6.wxs.aliquot_ensemble_raw.maf.gz	31201551b1daa24256b69a9e27712089	84917	released
3854c824-dc8f-4a25-9c4d-5911f3deca10	50473d0b-6103-4da0-a6aa-348d65f991f7.wxs.aliquot_ensemble_raw.maf.gz	b29cdec9c0e2ac685241e14f5b325940	83929	released
492118c4-29f8-41f5-a5d6-43c7e08e3e0b	685a6b26-e270-4683-aebe-611c946a3dba.wxs.aliquot_ensemble_raw.maf.gz	b2f1660fa76e7dbbdd196f2e231ea6f5	75606	released
5516ee24-1714-4187-a871-12881bb5ebc8	ef0a4a4f-60a3-4ea4-b836-0547026d32c7.wxs.aliquot_ensemble_raw.maf.gz	2ae25861224e9bd6ed8bda563884d737	157899	released
1237fd21-c154-486d-a062-9bba6bc2bfd8	be898971-7e06-4c41-a5ab-cae1860a19fb.wxs.aliquot_ensemble_raw.maf.gz	16e69de61372329fc9e0027a5a361024	95892	released
107205eb-bf65-434a-8bf7-9ff7fc147b89	fb688467-91aa-4321-95f0-a38444338584.wxs.aliquot_ensemble_raw.maf.gz	8cc1ff43a5cab3ccd5e2a58c33299411	103866	released
bef66563-b7f3-4fb0-b9d6-edb8739a261b	123c7e5a-f6d5-45a9-99c6-cde57849ebab.wxs.aliquot_ensemble_raw.maf.gz	d46fb858f3e755f46b9063c59ce80ad1	1215407	released
6a495a24-0c22-41ff-82d1-8430be57d72d	4e0e8e8d-425d-4046-a4c1-0ae04f7adff0.wxs.aliquot_ensemble_raw.maf.gz	d9bf461c25cd89414e7cae57cc1c733e	656316	released
cf552532-5c41-49e4-925e-464ad2a65e41	2f2bb436-47e8-4f0e-840f-13073e79be16.wxs.aliquot_ensemble_raw.maf.gz	cc7113f4d1ba558870a470fc461d4d5f	86117	released
b4ef55b1-c187-40ef-9cde-f7cc892c1318	fe36c53b-029a-473c-9277-aa9663cb020e.wxs.aliquot_ensemble_raw.maf.gz	940993085b4e41733979f7a029411d34	344002	released
36038903-ff38-4c3e-8300-8f47e23f9865	ac319195-ba93-42e2-84bf-14025f4f66d6.wxs.aliquot_ensemble_raw.maf.gz	22b51bc7b1f7bd405fc6c39485f53608	121073	released
3a7acf51-5f77-4e40-852c-395e2f1a978f	d30c9651-0eee-4446-aa6f-5dbbb1c3cab4.wxs.aliquot_ensemble_raw.maf.gz	41947b1b86ce07b4c3b9aad705a99a4a	1111482	released
150af798-5d55-453e-a201-f2213b92c43f	80e03a98-f4e8-42a8-9b6e-5b502222690b.wxs.aliquot_ensemble_raw.maf.gz	adf5525cb6b3c08af0dd14a6c09017b7	197580	released
f05a16af-901d-478a-a5fa-cdd251e9ce08	19aa1736-30b3-4ed9-b827-373a79b8de70.wxs.aliquot_ensemble_raw.maf.gz	0dd32242c0e1438a822f69cc88026904	99862	released
63831af6-6fc6-4e4b-a2c4-45af6ff36f5a	84974264-b654-4f88-bdd4-0ee18f90d7d8.wxs.aliquot_ensemble_raw.maf.gz	8c77932ab6b554d090457bd27eb66871	358847	released
c6903143-2ab6-4ba9-8d35-535f0f2d766e	a34b1b60-ae5a-46a4-b0a2-f6d2366e4f9b.wxs.aliquot_ensemble_raw.maf.gz	f4f511b881a324a9ec0dd8f5f90056ee	141515	released
fd284cab-ca2a-405e-9520-eb924eac177e	fe22b003-4498-4772-b50f-c597b2b4ba2b.wxs.aliquot_ensemble_raw.maf.gz	dfecafc9fe2ba10ef257a1f785fd535f	89662	released
79dfd0f6-ac3b-4e87-8be7-a97d882bf11b	467027c9-4691-4da8-aca0-55410f41c4e0.wxs.aliquot_ensemble_raw.maf.gz	a616452b5e18588772dc8a1153494bc1	99813	released
7326fd40-09bb-4ae1-bdc1-4d214fb8001c	e1579ac6-e964-463a-9121-36cf21144620.wxs.aliquot_ensemble_raw.maf.gz	8e9dd0aa58f1845d993d6b1adbfad016	274833	released
232270d1-fbac-4a2e-9968-57419f359c9b	de3d8411-e578-4519-8785-2d0794a1dcad.wxs.aliquot_ensemble_raw.maf.gz	a0fe87d2df92f31b0ba3c18ee7512255	410037	released
2e056135-0b9b-4534-9d27-d913d24b1ff8	8c3e48d3-618b-40d3-a9c7-bc98a3bd226f.wxs.aliquot_ensemble_raw.maf.gz	d7b92f4063227ae898e94132b6597ddd	148281	released
602f097d-5949-4638-b85e-730679c1a6c4	43284a2d-bc4f-4ef1-b2f8-591652897c4e.wxs.aliquot_ensemble_raw.maf.gz	e29ef4c83355f5832c0c8c66f3dee878	145425	released
37c5dfb5-285a-47ba-9bcd-38ba318bbf01	be74c31e-7e92-4d6e-b51f-147c08571e3c.wxs.aliquot_ensemble_raw.maf.gz	928f4ead8028813ee12600f39c67551a	281575	released
c9b3999b-58c9-4a83-8731-c723736164c4	241a7084-76d4-4e1d-83cf-b119b2d12cf4.wxs.aliquot_ensemble_raw.maf.gz	f4a577f353b1b687b3bad235ba1712e8	104953	released
96318fad-8bfb-45a4-a581-840368cb3152	6f3ed15f-ea3a-4f62-b5dd-4d9af15beec9.wxs.aliquot_ensemble_raw.maf.gz	8e20925184126ce66e368e24048f05c7	296995	released
0cac0ced-4eed-4ff5-9c33-d858f5ad1fe5	70e49dda-c41a-492b-b841-ef3155c006a5.wxs.aliquot_ensemble_raw.maf.gz	22ffe87ef2861e094c3d5b08400d0c0b	191041	released
43df0e38-1c60-40b4-a67e-795ba04e9280	bad7aa24-1d36-4d5e-8766-34578be3d624.wxs.aliquot_ensemble_raw.maf.gz	5cd86e8fc261d7ba9f1236e171e163d3	348297	released
fef836c7-ce6c-4a10-b9c1-24ba41826ed0	6c61a0df-1228-4052-b28c-38c44e3d4e60.wxs.aliquot_ensemble_raw.maf.gz	250450c1415c03e49139560b33d90559	128979	released
66c4f82a-2399-431a-8def-c4aa0572b023	09a2b0ba-0978-48ff-aede-a989eafb7275.wxs.aliquot_ensemble_raw.maf.gz	fe1911a271b131dde99f265a63aeb8d9	242513	released
a1f76619-233f-4504-8710-50e90fb64304	7f880828-1f81-4973-8efa-a052497c2b0f.wxs.aliquot_ensemble_raw.maf.gz	3c26e76065d0adb1970415b6e4031895	571277	released
149e93fa-0bea-4544-9b39-43e9f7f59576	1e76b510-baea-41cf-b6be-365060c7a45d.wxs.aliquot_ensemble_raw.maf.gz	459c3d408b220a6d593071943e7a707f	135144	released
4c154d16-f6ca-4d7c-a6d0-a4ab3962eed6	5f0ca642-beaa-41f5-827f-91e3a14a2cdb.wxs.aliquot_ensemble_raw.maf.gz	581b12d96df9f6eb3751411c02574672	212513	released
09735a74-ca78-4ca2-8f01-08dafa2f74f6	59921574-8bc1-4fd9-b89c-ba571288ee9d.wxs.aliquot_ensemble_raw.maf.gz	430fe8102e17ff6d4e051c3891747326	42602	released
474e3dcc-c569-4e18-9dbe-3c0a0aa1fd87	23323f4e-584a-42dd-b9c6-2ad74f2c9006.wxs.aliquot_ensemble_raw.maf.gz	f575b1d524b0bec066c193b7242c2242	365752	released
6c3e7294-8bf7-468a-96d2-40e9cbfe7176	1c198ca7-c422-4ea5-928c-77f28fe14eeb.wxs.aliquot_ensemble_raw.maf.gz	198de91ab5f0af0a180636e715bc2389	295141	released
4a529e38-a866-4764-b243-9e63b5274557	24a099cb-ad1e-4f55-8b31-3e2a46f625ff.wxs.aliquot_ensemble_raw.maf.gz	ce9138ce0742c823af748e5a864f11c3	537938	released
8b71dd1a-dfc7-4478-9f5c-1c7331bd1bdc	b9e30476-a9de-4dfa-8e62-75aaee9847d3.wxs.aliquot_ensemble_raw.maf.gz	ecd24e8746c1d93fe1cfbdd050b6a303	229530	released
8155a28d-4a44-468e-8c9c-f8fd6b217b64	93f9639e-1efb-4f57-896e-c0bfff84982e.wxs.aliquot_ensemble_raw.maf.gz	80b90a92644caf3cbf865a0d7635be98	424503	released
3b18e0d2-ac7c-404a-8303-436a8000c933	70b66624-d30b-4fed-b7aa-248efd0ac7c3.wxs.aliquot_ensemble_raw.maf.gz	63fe0b7dae5379f15c645686b2746120	110012	released
cab7daef-c1e3-4003-b8ca-76dcef834d55	b20afb2e-7923-48fb-87c3-7ddaa8ed98c6.wxs.aliquot_ensemble_raw.maf.gz	a6f320615c241d35a93af9eb10a4c223	204402	released
15c8544d-cf36-459e-9cbf-00ab05c16e36	a889c655-2d38-42ad-b7db-7cd66043fe43.wxs.aliquot_ensemble_raw.maf.gz	006f5c5e06ba575f68446d0adbf01ed3	87733	released
ef7b980c-ed28-4ac1-b8ae-cc42e0a84b77	451da261-1f93-4fa1-829e-9282bbc6e98a.wxs.aliquot_ensemble_raw.maf.gz	f4dcb0230e6d0290b88c037070d15736	119095	released
7f9c4320-50a3-45fa-9f21-7a7c2cfbc7a9	a97bc7f2-55c5-44b8-b615-796c5e35b2a6.wxs.aliquot_ensemble_raw.maf.gz	96a5031a270b3577ed6d1729a89fb00a	430083	released
59a8811c-c7bd-4007-938e-364c5e0705c1	67b52888-d1ea-40f9-b4dd-38ccb8aa949f.wxs.aliquot_ensemble_raw.maf.gz	fe5f421831a0237aded4d32f960f32db	768564	released
f8a25abd-98d8-4c3d-8286-269ad7260c3a	a333057b-c1ad-4963-96b8-3652204c3dbc.wxs.aliquot_ensemble_raw.maf.gz	6407d567a433b8d802195274325bce7e	145631	released
9b469f2c-535b-4070-904a-eaf7bcf20166	6685804f-face-4cd7-9d8d-7e430858ddc5.wxs.aliquot_ensemble_raw.maf.gz	f7b80ac45e2a8a2482e63203f2b7587c	803798	released
9f2bac2d-4691-4f39-b8ba-8f91b584e185	80a79cd5-e342-434d-b996-464c32f6efac.wxs.aliquot_ensemble_raw.maf.gz	77bd8c8c8e07b335cc4a3b932f14d447	239600	released
48669f53-1147-42fd-86d6-7e51b44b26ed	689ebff3-25a3-4492-8391-0bbb7919dcc5.wxs.aliquot_ensemble_raw.maf.gz	568a7b411e26c9d7162483b3bfd34076	281488	released
fbd7a5e8-9b9c-44f7-af5b-bddb96946b97	6680da97-11ec-49b1-8ebf-698f5e20b6a7.wxs.aliquot_ensemble_raw.maf.gz	06341057804f4d4f3d375543e73c16c9	182254	released
ddd31c13-b2e7-4c04-aed5-74fdbe667686	260fbe44-d0d3-4722-aa64-730c727e5dc1.wxs.aliquot_ensemble_raw.maf.gz	c0f14d2e80d7841105531bf55f79fce6	121015	released
dbbdeb5b-2b28-42bc-8f0e-3e70dba1a6b9	2d20c120-22b3-4c99-b5de-5cec0a7dd839.wxs.aliquot_ensemble_raw.maf.gz	d5ab5296ef73fa9023d5915f090a0bde	129547	released
e89952f0-8274-4e47-8bc6-78364cb19886	6ccf6b28-a355-4fe5-b8f6-8f510381a6f4.wxs.aliquot_ensemble_raw.maf.gz	4664407686daa03767bf4225d9aaf9f1	616105	released
b8bcf990-f2a2-4475-b7ac-d5fb1622337a	8a271f82-7006-4b6e-bc5e-8eb8138d7cd3.wxs.aliquot_ensemble_raw.maf.gz	cc3c9c08e513e0c686d7209d2ba433c1	198770	released
828ff7d8-6d67-4267-9341-0b4496cdaf50	90eeec39-6c71-46dd-82d8-6c727f9b6485.wxs.aliquot_ensemble_raw.maf.gz	96ff0ab3d93c71e25af3d2d714f4bab8	108595	released
e9f4f88b-f28c-472e-8118-7c2c607c3c33	90f9b25b-9148-45a6-831d-ef73be8653d0.wxs.aliquot_ensemble_raw.maf.gz	44bcdeea2e35c3919692c43e22807649	61492	released
5e235397-1076-4e97-89c9-ab6f0bba79ad	fc9e5a45-f6cb-4615-a29c-10ad705a2382.wxs.aliquot_ensemble_raw.maf.gz	f6e61f8338fe1dcdb0ed47b6e074a6e2	226459	released
0d22db9c-14da-4068-aae7-8978cbf60bba	2bafa95b-ff5b-45d0-b1c7-e3ab5b0aa7c0.wxs.aliquot_ensemble_raw.maf.gz	8075a038aab4ef1c359a66c43393b721	191362	released
abe4e5fa-49bb-4dfc-bad5-ed805899e3f0	dc65e332-d7be-47f1-9fa0-b9933bc8873e.wxs.aliquot_ensemble_raw.maf.gz	22a15912f68f41b3ad2c2f0955620888	264011	released
3f27fcc6-7432-4721-9992-a7dec59d4320	a0723267-c2a2-4d20-8398-c50828b6f46d.wxs.aliquot_ensemble_raw.maf.gz	9cbbb0dadbd137376ee16f08050f6805	121542	released
a6e358a8-8e23-490c-9f64-4360980da391	d040d578-1baf-46e8-8d98-1d2b89a94141.wxs.aliquot_ensemble_raw.maf.gz	6213bca901f2dc0b44ac4aca78231bd1	173723	released
3a66a05d-79c3-4d84-91f0-20e151486d77	dc49004c-58d9-42ad-891c-805c6b43d947.wxs.aliquot_ensemble_raw.maf.gz	230d6e086e62d5752d02f25689f5709e	364421	released
68a0e714-6711-4182-aedf-8b3fb4677ce8	be4084a7-0ccd-4852-82a0-673c174fa444.wxs.aliquot_ensemble_raw.maf.gz	b6d980d663523f52d59f5357113811bf	147953	released
3f82a32b-1703-45b3-8ad3-fb027807750f	061b49bc-0a5e-4801-bfaf-88ca7231feef.wxs.aliquot_ensemble_raw.maf.gz	870191123b52c0cdf7be2e41a9989e1a	776120	released
14ae38c4-2a45-4ff1-a23f-cd1c3f5cbf9d	c7aaf657-5f86-4959-9c6e-8d588646f532.wxs.aliquot_ensemble_raw.maf.gz	13239498f6cdf8485807fcc24df3e98c	302729	released
7e836f50-fd41-409e-8e67-7fc674508a5a	5b56ddb2-067c-4f81-8ca4-c423dc8b6738.wxs.aliquot_ensemble_raw.maf.gz	460d143fe91b7df4a74978a00713eaac	136281	released
009a7cb5-6f75-4170-9d60-cf427c8d4bdf	0e9f0ac9-9a24-4ab2-ad53-b6243e8e9d8e.wxs.aliquot_ensemble_raw.maf.gz	76d0077daea3fec0290a066c8199d9a2	423281	released
4f0db5d5-938c-463a-a2f8-0c7cba69de90	83a6a9b7-fb06-41a6-b299-2d75adaf8528.wxs.aliquot_ensemble_raw.maf.gz	7bea4edc12cee29570287ab3f783e5ce	274472	released
8a0c19e9-4717-4d00-aefb-93f82ed0c369	7a55ad7e-8bb0-4260-9eb9-1f12ae28e24c.wxs.aliquot_ensemble_raw.maf.gz	66745f052c1e910963c7cfb775fc5f12	828715	released
d779d3da-9919-4aa0-b8b7-e86dc305b3a5	9088478f-0a26-44e3-af3c-ec2c80bbae26.wxs.aliquot_ensemble_raw.maf.gz	be3a78c76139888eb3e11ebc4d4ca244	671817	released
b7e9e1a7-20dc-472b-9a18-6f3ec03ea309	65b73b0e-67a7-43b6-8719-8935176d13f0.wxs.aliquot_ensemble_raw.maf.gz	0800217ef2a2f730f641231e4e94c9d5	164380	released
c1a78f71-1357-43be-9682-9e7d1cccef3c	f3934f06-2c19-40b7-88dc-b46d1a573bdc.wxs.aliquot_ensemble_raw.maf.gz	021d63bf19190ce25aecd37414eebb10	79193	released
d51c77d9-c501-4966-b0f4-630ed104a79f	45f13e24-9fba-4f78-a0ce-7da6b2b852f6.wxs.aliquot_ensemble_raw.maf.gz	5b26b999a96277e8bb57530d17a4fd3b	387171	released
ebd01521-cfe6-4e04-a4be-8b935e638a61	95ed9546-4bd8-4b48-b664-1e38829b23e3.wxs.aliquot_ensemble_raw.maf.gz	6a09b311dad4697a3887aed1eb3c92cd	219938	released
231a3fa8-7c61-4a17-93ac-5a03edb2f5fa	32c34928-e19c-4f50-989b-ba32f2f946bd.wxs.aliquot_ensemble_raw.maf.gz	26a790c04104d050c0000c5db4724f75	127993	released
b671a439-c6d7-420c-8766-f4f27aec0028	c93bff7d-fd6e-4ca5-b513-77c5b780e314.wxs.aliquot_ensemble_raw.maf.gz	9ee765da438f1ed0f6ce27e1f740311e	488933	released
2837ec17-0bd4-4316-8096-9d47cf0d1849	ce82f575-1f44-4d65-9d54-a1844d282752.wxs.aliquot_ensemble_raw.maf.gz	bbc31633141a41c05613cea5500e10b3	114304	released
f3ed4cfc-3d60-4181-8af0-a2c5f5b5844a	3ad830a1-e586-4423-adeb-859a09225081.wxs.aliquot_ensemble_raw.maf.gz	dce831cee4dacb2cad327d5043c4e97d	231595	released
4c97a16a-5d7c-4650-9a48-c4289a68f326	1e6b8d4b-6a0f-4c9d-af8c-5a6f592aa5fb.wxs.aliquot_ensemble_raw.maf.gz	80154b0bb4ddddc40850611ed9427711	75882	released
bca24353-1070-41f0-be51-0baebb480413	b044473a-8ac7-4fca-928e-274b08fa8e06.wxs.aliquot_ensemble_raw.maf.gz	42efba1e6120fd9b4a45e2e86f80fc97	179591	released
10528d93-8b59-4ea1-a81c-cf85073f47c7	0c272376-5384-4ce1-877f-792d9732b04d.wxs.aliquot_ensemble_raw.maf.gz	1db4b6212614bb0bfa2a16e1626559bf	112642	released
758ffc7f-748f-4f23-947d-73d1e0eb9e63	d5ce47ea-a60d-4981-8cd7-6d6e13b08033.wxs.aliquot_ensemble_raw.maf.gz	8bb9ec5ae85ca3f935aea9154d83ac57	307456	released
70f483ab-0f3d-4cce-a299-e7cb4aaeed2e	e6954da3-287b-4a5f-b4de-e690fb8ed425.wxs.aliquot_ensemble_raw.maf.gz	17dc9b7ccdc48af96993fcbb090033b0	969108	released
c54c9fd7-19cc-4adc-b610-4b1c872b1d9a	9d21dcbc-0fcc-4694-aa8a-52f3a51a2ccb.wxs.aliquot_ensemble_raw.maf.gz	6408c79099e2ac10af4c9f2117ad57a0	135251	released
abbc620d-bebd-43ee-bdd8-210bdcca43a6	e8c0f5da-a42f-4276-8ee7-55b5b071f099.wxs.aliquot_ensemble_raw.maf.gz	1a3119fb04929952e4a5e1ecb7ffd4d0	410549	released
c989adb3-b08c-46c6-a76a-0046b23b7c79	9c40ab9e-1aea-4e58-a3de-c656409e96f0.wxs.aliquot_ensemble_raw.maf.gz	ccacd03c9996b8d3aab8afebbdcba429	110639	released
e43d5608-d4f0-4176-8d61-2be55db996e2	751f6ac7-2f2a-4300-9ba4-87a92920d8bb.wxs.aliquot_ensemble_raw.maf.gz	b06cc387cddfb612696dcb412d79a47e	582571	released
0c288f69-aa27-46e6-a033-b76831da16e8	2b20c8bb-861b-4137-b7a8-02d1ab03c646.wxs.aliquot_ensemble_raw.maf.gz	9858bfc3866ea33d025034bb7a1e5580	193400	released
d817acab-39a5-4bda-be8b-03a56c8999f3	b8b8bf7b-f10d-46b3-af06-1521640924f4.wxs.aliquot_ensemble_raw.maf.gz	589c81638e02b30ae6fbcd2dd9a19445	61156	released
6867c1e7-a8c5-4e86-a327-af1120c100bc	ca4e1463-5536-460f-9dfb-5cf07edf4e56.wxs.aliquot_ensemble_raw.maf.gz	8ab9d342bb0ddb6ff2355ec47966218a	216104	released
0dec1d87-afb0-402b-bafe-332cdab86e64	80d84e51-81ac-4eee-b33f-9aec47ac3ab8.wxs.aliquot_ensemble_raw.maf.gz	74cf20643c80a3c3b3e828a26ac1cf69	233090	released
4d2f81c2-0b93-49e3-9bfb-26c35f0560fa	eaad93c1-4b61-4033-9369-77b43139fcec.wxs.aliquot_ensemble_raw.maf.gz	05ef0a43614f9a064469651d672567b5	231620	released
10ad4b48-e625-4d7b-9f14-a7c432eb7ee9	b290139c-d657-4e25-a406-6214f6ec704c.wxs.aliquot_ensemble_raw.maf.gz	276dc316332b7ec43e4d82d2e2879c84	242112	released
ea0a10f7-d677-4023-aae5-dc791409b979	87c3bd07-208e-40e5-b427-f4f917260392.wxs.aliquot_ensemble_raw.maf.gz	5955005a38be71ebfda992557a2e9335	394454	released
f131ef06-c8b7-468b-b5c7-17c0ff90c37e	4f32b0dd-1d38-4f67-9ea1-cd5a6fff7895.wxs.aliquot_ensemble_raw.maf.gz	8e7c8cb9971dbfebbc982d8941701b0a	422651	released
2cd904f5-3681-4dcb-9d0f-64e951baace1	3fa2c611-fe96-41ec-8a00-2b46cd730896.wxs.aliquot_ensemble_raw.maf.gz	e7e227980b2be3b7bd694a5d5205a224	263609	released
1a90c843-98fa-443c-aacb-54810b1f73d1	44401e97-e401-47ae-85ed-611e462497e1.wxs.aliquot_ensemble_raw.maf.gz	ca66a565abb5d5de408ba8acc4224069	316332	released
b0426654-9848-4f9e-ae45-57e789efa404	433f9e13-9954-4055-8d1a-e0353dc1e878.wxs.aliquot_ensemble_raw.maf.gz	5427dc94005f2140e74ba39be93f0307	619996	released
1fd98a58-b4e9-4be6-962e-01cb9c0dab1b	452251e8-b4b1-44d7-a327-51e5e47edcec.wxs.aliquot_ensemble_raw.maf.gz	2342904d746901351fa3ff6f1e354e14	388649	released
e00f99b1-a126-4f72-93da-72d2b123e3fa	77852d43-b95d-4ba2-a901-f29ac0515558.wxs.aliquot_ensemble_raw.maf.gz	afce9401d2160b6c807105fe418c4d84	455734	released
d13db805-a15c-4fe7-a236-39693afc5c33	5e374a19-87e1-41ed-9dd7-9fd2e653c13a.wxs.aliquot_ensemble_raw.maf.gz	e029d6ddea9e50e5f763782ac83cfe04	235308	released
fa645be2-d0d4-4d87-8a29-50f921cda23c	b755717a-4def-4ca8-8371-936741696bc7.wxs.aliquot_ensemble_raw.maf.gz	c127ab69f5a59ce6879b0a60bd804786	356885	released
ea4e53b4-dc7e-47ec-b761-11237ff722b0	c33aa13a-61cc-432d-9881-b43e150ee9dc.wxs.aliquot_ensemble_raw.maf.gz	e4074474d18ca05a66936cee1b50b00a	281945	released
e3853b3c-4a69-4214-9a01-a927937c32d4	49a8516e-b2a5-4ed9-8994-95f72b1263e4.wxs.aliquot_ensemble_raw.maf.gz	bdc3b964a657ccbd5ef54160a417376a	427507	released
e9879afd-1c3d-4426-9822-6bf71b7b105f	5623afdf-6852-4592-9a22-a36ac4319bb9.wxs.aliquot_ensemble_raw.maf.gz	8e53b2dfe6579fa72b53f20f1429f9e9	168959	released
9e0632d1-ddab-47c7-803d-a0b995c7df8b	68b66c75-720c-42be-acf8-7bffa12da8a0.wxs.aliquot_ensemble_raw.maf.gz	4a61b19a3cbd224650944251ff6b2e70	325699	released
caa38dc2-9990-4da3-9788-6ee67b3f0f03	fee4c11a-1bad-4007-82c2-f707ac2c7f4b.wxs.aliquot_ensemble_raw.maf.gz	6bd241a3176786f8c9519c9d56d345aa	349926	released
19000d58-d3ef-4361-975c-26c3a67dd10c	5098297b-dbff-4450-b7e1-c4467e65b3ec.wxs.aliquot_ensemble_raw.maf.gz	f608e8fbda08b52052cf6fde40d9b5d8	205607	released
926aa2a8-f77e-4371-910e-7e538f465e86	31d384da-0ab2-4dd8-ac9e-cf5173df8a7a.wxs.aliquot_ensemble_raw.maf.gz	43bb3cc004984ce5db202ffeb3e15dbd	323147	released
fb720410-8ea9-4962-b3cf-0f95e9277eb3	f4d7bedd-5236-4302-876e-485fc1e8b185.wxs.aliquot_ensemble_raw.maf.gz	d49a2ae24d7b8f53f37fe33205b0fc49	94787	released
2759e620-3610-4986-962f-3b4df4364aad	52aa7cf8-590e-4207-ac94-4d9b4408a877.wxs.aliquot_ensemble_raw.maf.gz	437ce78c4a36bc563721b84c384a4faf	435955	released
f564a726-03cc-4583-b20c-09e76e8e9f4e	eefede70-b24c-4d61-a4c8-f2d7575f7a54.wxs.aliquot_ensemble_raw.maf.gz	231ad479bd197633587598ad5dc4a7e3	221758	released
4f0ee91e-e1df-4bfe-83bd-dc6f302fdb0b	b177a9fa-07e6-44f4-ae06-0c52af71d0ab.wxs.aliquot_ensemble_raw.maf.gz	36d690942d4d60230a0b30e3f59f7052	352126	released
4b78d188-c8bf-4264-bbe4-82651aaf1ae7	cd3ed839-5f10-4388-b488-3c45b6e12822.wxs.aliquot_ensemble_raw.maf.gz	de3f49418e776c152106eddea2c0218e	349608	released
df5636b3-eecc-4819-b0eb-8358c107a668	3cf9bf59-9c38-4e3c-b443-f742257b9a45.wxs.aliquot_ensemble_raw.maf.gz	40a80957e84d409b6005d26c6ab13585	393237	released
e0eb1975-f36c-4077-8b8e-a302995fdb65	3402b3fd-ce3d-4f5c-9fcd-c5670efacf4c.wxs.aliquot_ensemble_raw.maf.gz	6a433acc70a508c7449d2a2ec119bdd1	105923	released
eeaa5230-d2c4-47ac-99e2-30c718eb54b7	4658d37a-466c-40c5-a8a9-3ca0996b6dc6.wxs.aliquot_ensemble_raw.maf.gz	de2039f36843249cb896cc3b469fb787	236386	released
b0885931-6eeb-41d6-a49e-80b2769a6611	f9bf3014-14d5-469f-a101-acf2f5e128ee.wxs.aliquot_ensemble_raw.maf.gz	ce5f4ef93bdd2b7efae56b5c2ea6fdf1	359366	released
486abe70-9787-4cec-94c2-01333990d40d	9fb8bda1-9ca8-480d-9c64-08114554bf71.wxs.aliquot_ensemble_raw.maf.gz	44c418a6b2cc5038bf2a3afa915cf384	78642	released
e3fa18a0-1761-4d98-82ad-71e2e65a82ae	5a5fd931-fd5e-40c8-8110-0b66adf436b9.wxs.aliquot_ensemble_raw.maf.gz	b5d8ca1347f8df19922c70b971666b92	266271	released
d884d534-5c7f-4d28-8910-f8d3c5163eab	ddb4676c-ef89-4187-9aee-8960d4782bd0.wxs.aliquot_ensemble_raw.maf.gz	232b22ca6a671721fa31f99fe999db20	500313	released
0064487c-1a26-40ea-842d-709fd8e83746	97151b4e-51dc-4d9b-a158-47eae00b84b9.wxs.aliquot_ensemble_raw.maf.gz	89114a2361d661efecb9dab32e92299a	158125	released
adb9c169-4ee3-4dfc-ad00-befa5d2bb545	79ca68ff-75d8-4ccd-908a-15fe74d2d217.wxs.aliquot_ensemble_raw.maf.gz	c3e894cfdd71b35efd938fecde78b865	518641	released
82b71d18-aff6-4e65-874a-dd311c8e156e	0ef89e1c-653a-4be0-a6a3-b427f2dd2d00.wxs.aliquot_ensemble_raw.maf.gz	4d11cc5f71ed21d1bbc3454c39608411	136447	released
3a11bb0b-2c88-4475-900e-69629414d50c	d0d1e5e7-26c5-4b5b-b4c5-7e47b41d4c42.wxs.aliquot_ensemble_raw.maf.gz	df76445acf418b23e715d39634ed8eac	91840	released
746565a9-7877-4da0-ab23-b3884d7e4b6d	233bcb50-adfa-42f6-a9ff-7ee44cc44d3d.wxs.aliquot_ensemble_raw.maf.gz	55bca236fa6119c953e4106ebd7d583a	149068	released
ffd7bbec-2a3f-4eca-9d7d-71dd6e5763f4	9f7ab8bc-e2a2-4e20-b0c2-ab9cdc605f95.wxs.aliquot_ensemble_raw.maf.gz	d52eec0b263020a6d278e14aa04c1abd	75238	released
d14ecdd0-b3bc-4f37-8116-368fc85468ac	54cf6411-680d-4de6-b98e-46b9021ace6f.wxs.aliquot_ensemble_raw.maf.gz	2947f80440770a8d57c75a9970284710	755558	released
8da55a79-f390-4cbe-9eb4-da09e6639083	4fce196c-b38d-487a-b7d2-58c0f1bb24d2.wxs.aliquot_ensemble_raw.maf.gz	b6d7d9f37231ba08918ab9b05f4cf1a8	239731	released
6c24661b-65f8-428b-981a-9ea9a6f45144	5f719432-ed9c-4945-826b-e1a3a51eb239.wxs.aliquot_ensemble_raw.maf.gz	01b006bc52b520994b430e473248184e	207440	released
f8615b21-1b32-420a-9b14-fe245c37c017	f72a5259-0146-44dd-b291-cdeac90d4679.wxs.aliquot_ensemble_raw.maf.gz	d7ff1070199256a19f256321ce08b5d9	58578	released
0f157c00-0d0b-43b7-a530-d5649ba0130f	e0e451e5-6912-415e-8e45-747f229dff5a.wxs.aliquot_ensemble_raw.maf.gz	6c567b10703070f55f3d756a93c77711	529424	released
cf2b83c8-0a92-4964-a202-c0ba6782ff42	27f13a1b-7d09-476f-830b-69385d58630c.wxs.aliquot_ensemble_raw.maf.gz	fc2cb654d6658bad46e13e58567605ec	138437	released
3503829e-9d9e-4ba4-b534-49b89be1a415	77c1ae1d-5940-46c6-b186-9b09b5a30058.wxs.aliquot_ensemble_raw.maf.gz	968fcd3dc3a30a121bae2c33941944ac	331921	released
88d14db5-6301-415e-a42e-4fc5353770ad	2b394698-3077-43ba-b32f-678399805f34.wxs.aliquot_ensemble_raw.maf.gz	16919b185c9057160d2748063d516534	448298	released
d238c873-b53d-4251-8e3d-a01ce7957a6f	ca1bf9e3-97e1-4875-91a5-49c7dbff8e17.wxs.aliquot_ensemble_raw.maf.gz	5d196c0853460554f12c9ad965842771	147405	released
e6c86853-51c1-4c4f-bc8e-04f8453aeb11	18aded85-5a36-47dd-b6aa-04161318df0c.wxs.aliquot_ensemble_raw.maf.gz	ed9977699e7f50e810fa751b9854e90c	1980026	released
f02e840c-4db5-4ce1-9fed-a6b2e6bb15b3	7a49bae8-1052-4ade-94eb-843842910c24.wxs.aliquot_ensemble_raw.maf.gz	3aa529e654ef37176b747705af103a7a	89128	released
9958b192-0ff9-44a6-bddc-22dc50a5bde5	cfc4040b-2274-4e37-a6b7-b61bed1b5d95.wxs.aliquot_ensemble_raw.maf.gz	f4d40ecc5a291d0645c2ab5d2b2879a7	450037	released
bcf60ca5-1de8-4f08-be18-681351bd48a1	111dbfb4-baf4-49f8-be22-f7ff338167fe.wxs.aliquot_ensemble_raw.maf.gz	311347a8f4f38597ce3ac0806b971296	996240	released
1fb9e9e8-3b25-465e-8914-94ca78ee3bfa	c15e783a-6783-4764-b9b1-afa1dfed818d.wxs.aliquot_ensemble_raw.maf.gz	94ec110f2fe42df0f6bcc57f43732e7e	335789	released
62c6ee67-6ab7-4bbf-91ba-ce74f5acac9d	a03808d4-4d3c-4c34-ab2e-705cebc4283d.wxs.aliquot_ensemble_raw.maf.gz	26851dc99e019c14af0fa7fbc889bbda	430661	released
82ff4237-f0a9-4df2-ab17-ef4ba1726e2d	201b845c-183a-43b1-8fae-1cd17a3dcedd.wxs.aliquot_ensemble_raw.maf.gz	ebf2f5c1dd91207fe7bd01337ffb49a1	786492	released
cbd696b7-1ff7-40b0-8d71-b356e25e4fa7	49148ac1-b4d7-45f2-a6ff-46cf3fd82c5b.wxs.aliquot_ensemble_raw.maf.gz	e8724c1ec53e93a20b626ae1d513742d	149955	released
4d11b2b9-afc2-4094-b2a6-d8e2d28c369c	5b04d9eb-98b0-4aff-8168-53a6b31bd9c5.wxs.aliquot_ensemble_raw.maf.gz	feb2be1b568d77e3858cdf138a6e7747	456297	released
839b0af0-b331-4fd0-b322-f5c2581ff064	0bfa896a-57ec-4fa5-adc4-bc78c3478ed7.wxs.aliquot_ensemble_raw.maf.gz	0f6923fa0d25b4249f3e02d3ff28db0c	161268	released
552678da-b826-442e-bcb3-0214a5a9fca4	dab11a85-66c1-4473-87e5-d10236d308fb.wxs.aliquot_ensemble_raw.maf.gz	dd1c4db90f27f84f1bc84bbd5d21e805	275715	released
65830d03-e51a-4fba-b23f-f5eac3aeac34	c37fc808-f63e-40a5-9892-40a3d2d68c2f.wxs.aliquot_ensemble_raw.maf.gz	b0fb4559ac29d191417bd2e579f43022	169422	released
6e4595c3-552d-41eb-835b-e1930a59c59b	18ec59c0-c051-4c4d-8829-d978f1242741.wxs.aliquot_ensemble_raw.maf.gz	3a5ac19f157013ce68418ddd10f64116	143755	released
168febca-7959-4175-8d0a-9398af0176af	10fd9e5a-9730-4ca1-a470-35eba9903ab7.wxs.aliquot_ensemble_raw.maf.gz	6af394696b3cd311e07b7f6b8d70b8e7	96604	released
06d8e795-f4cc-47a3-aaec-0aa87493802c	960c38ee-03c4-4b33-8085-974c58cf6d83.wxs.aliquot_ensemble_raw.maf.gz	59547f25958dc29b57250dcf4dd115a3	332679	released
421d337e-f7cb-4656-a265-b8b91ae87638	d29ef000-c302-4c1f-9f2d-8d95c9fff74e.wxs.aliquot_ensemble_raw.maf.gz	ca6428900fe06ac590ae2ef8e7e65a3c	100344	released
93741ff5-bcc1-4a82-9094-254e067fdf2f	f2211559-06a3-477c-9f87-98abd30bca15.wxs.aliquot_ensemble_raw.maf.gz	1cd213db80e1ff8c1974942cf560c281	155041	released
82cd908c-3c3a-4c92-a3ed-28c03afbfae0	e5f3a9e2-129f-4907-9896-a06522bfa165.wxs.aliquot_ensemble_raw.maf.gz	22f045d2f86d35100b7b4b25927a2a28	202508	released
cf4d68a0-9dbb-4dad-adb0-932b3b358d92	a0df81cf-c644-43c0-a2e5-60c7a9fa5b12.wxs.aliquot_ensemble_raw.maf.gz	958f0e9b06e1d7702f5863cb33b46da2	172228	released
de36b575-c7fb-4e03-aadc-8415fb63eb62	148d11f3-a276-4c00-a261-767cf195309c.wxs.aliquot_ensemble_raw.maf.gz	b86d7ca3a8fd396d0e7c140d2be8a78f	312140	released
b2b8aca3-048f-44e7-aa70-ed03154028b1	c1875b28-01c3-4271-94ce-23815e4bb1f4.wxs.aliquot_ensemble_raw.maf.gz	78b0b3e9177244fcd36892a57f08b291	168483	released
2f163033-f57d-4197-a5f0-a337d4e59b36	20f884c7-1ac3-426a-8a51-aa3988bbde02.wxs.aliquot_ensemble_raw.maf.gz	c0ce06ed83b307d5c55cfe3a05d789e3	299484	released
a6b5ef91-ceb6-4ce8-b4a8-e464fafcf3e1	b7164f90-cccb-4cdc-8f7d-b728d923953f.wxs.aliquot_ensemble_raw.maf.gz	b66815bc39fb15b359f8a09e9cdcf4fc	106421	released
522b1124-461f-4345-a54b-1ea46da368e8	f73645ec-c107-452c-877d-410d70abb203.wxs.aliquot_ensemble_raw.maf.gz	962662fd6cb93bd4f8c4a2f4d0e9141d	518620	released
9be45ec7-49f3-4845-9a66-c4297394da44	0ff570c3-f2f3-46fc-bd84-5054a3b87975.wxs.aliquot_ensemble_raw.maf.gz	242441adca323a1f271697279a5227bc	69728	released
6b18a060-fd19-411d-9bb8-9daa43528615	3a2e1f32-0d07-45f5-8567-f6310bdfd9d3.wxs.aliquot_ensemble_raw.maf.gz	ec013dbf047aa472ac2bb342566cdcaa	154064	released
dcf3ff27-1fcd-425f-a7b0-d7438061c643	c110f524-8d21-42ae-b391-78fd09e47a02.wxs.aliquot_ensemble_raw.maf.gz	33f9d1abb2298bfadc2cbbe47557a775	134581	released
deae6e14-673b-49ff-b8ae-88fa3c30a71d	6f9e9418-1056-4c47-b559-d4b08cbe4d33.wxs.aliquot_ensemble_raw.maf.gz	16a93583804dda46b46e185c058ff3e0	102667	released
8348ddcb-daa2-41c4-b4a6-e169d3fd6975	5a0f7171-ee07-4a43-b7a5-60f14584ffe1.wxs.aliquot_ensemble_raw.maf.gz	1843dedbb3177bc124e0740ca04f20dd	337716	released
5f844105-6e76-46b6-a4f0-0c1f73512dc9	64a87a6e-49fe-4416-8272-38833006c015.wxs.aliquot_ensemble_raw.maf.gz	f2a66ca13390050cab02e4eaf31f1f5d	478125	released
5d5ef6d3-ccfb-4ea7-9d26-cc011274635a	99cfabdf-62e3-484e-8d01-5af18b1663b3.wxs.aliquot_ensemble_raw.maf.gz	3ba1a61d1d461f8c1ad3f89029ae9470	216763	released
d0d57960-3cb4-4e2c-ad44-77715b91a32f	0ca72b82-9c92-4c43-ad66-a0d2a6756cc6.wxs.aliquot_ensemble_raw.maf.gz	19a7b2d07eeb2e9bfdb3e2a95144ab61	309864	released
5b964890-552e-4d15-93b4-9625503c9122	a7e655af-867c-4350-946c-9856fd1b4b22.wxs.aliquot_ensemble_raw.maf.gz	9f88dca73d1e2844024720cafc084bd4	601742	released
674c574b-2ac4-43c5-9db6-19a368d85d30	e44aa3c5-c177-4499-8b95-3c5c6db4e780.wxs.aliquot_ensemble_raw.maf.gz	847da9ab84df15fbe87e94728e180699	89740	released
ffc04e9d-d682-41c9-a2b0-1520e499fd77	b42ab2e1-8902-4842-ae17-8ac156a8aaf7.wxs.aliquot_ensemble_raw.maf.gz	b3cd0ac047ae004664bbc7a087d5dfa9	206472	released
4a69518c-916e-4278-8645-739507927884	9b04524a-cf78-42a9-90d4-fea652fa85b2.wxs.aliquot_ensemble_raw.maf.gz	81f1f6223b08271a130ff118b16d6c87	194845	released
86e13aaa-ad8f-4a70-9dfa-abc0841b9b89	ea41d101-66ef-46fd-854f-4dc83825bd31.wxs.aliquot_ensemble_raw.maf.gz	5b6fbc1c657276bfef0f4e7155b32690	139479	released
a21af98a-9050-4824-b12b-03aa1c56cf29	da73d463-b49a-48ec-85cd-20583a3c14ba.wxs.aliquot_ensemble_raw.maf.gz	32591c0dfaaa7b23057ed8245ee8b6a3	187118	released
f5acdca4-edfd-44d9-a932-ab030ed184e8	e37f949e-f31e-4c48-abaa-27231b24694b.wxs.aliquot_ensemble_raw.maf.gz	468e96dbc4e0a1ad66313d8ad0edb53b	195313	released
8c31b1dd-f0da-4fbc-90e1-2c191e6ae011	c7439e2f-4fa6-444a-9f07-f00dab5bb121.wxs.aliquot_ensemble_raw.maf.gz	fcd99772f220657b881652f1dd295aeb	154301	released
ad220f93-2458-4b53-add1-4f7b808f2823	5cf654d0-0686-4272-8135-1d7f67ed39e1.wxs.aliquot_ensemble_raw.maf.gz	05959216c46ec999f7ca944950da4149	505200	released
7f38dce2-fc9d-4232-9a9b-d3424b141224	bc6315e3-b3cf-4474-8335-cb98e500833e.wxs.aliquot_ensemble_raw.maf.gz	9fed1ff89950dfe6ab1da8ef9bfb9b77	159118	released
8d98fe20-227e-4de5-8c54-a52282d90488	856aea07-54b1-4154-9036-4bcd5cc753a7.wxs.aliquot_ensemble_raw.maf.gz	2ea3b12e98373d7c83593c19f0226285	167470	released
27563a38-be7b-4fd2-ac77-864027d3e723	6afd19e1-f1cd-436a-ab7d-2b622d3d0e25.wxs.aliquot_ensemble_raw.maf.gz	2abaeae793b58ff2a4f440eadbd854e4	651346	released
efd05878-0bea-484b-a50e-a22faef38f1f	97cf780a-4074-4cbe-ba26-46ee2e6fbbe8.wxs.aliquot_ensemble_raw.maf.gz	eac96183b8c2d4f6e86d09fa07d38f32	143281	released
245fc097-911f-405d-8fc0-bb152f16926d	6b8c4f63-879e-4a88-af27-65a0685af755.wxs.aliquot_ensemble_raw.maf.gz	b08cc40db9c51d3448a68e7dbb6dc2f3	249400	released
efcf9341-f583-4dce-86d8-05ab6e3e6b4f	a73bcae9-ebcc-4ac4-8390-a454eaa9e7c5.wxs.aliquot_ensemble_raw.maf.gz	564c3d5d3bca9ca198111ae7cd84a84a	802565	released
625b7472-4502-4884-8cc2-f4946320f1ba	1ca71ae5-bad9-4142-b00e-d9f74250bb62.wxs.aliquot_ensemble_raw.maf.gz	fc9b18f66a43c5ed5d5c0b9328862b01	83660	released
fb1c7993-e7bc-4357-9055-22b44f4e3f21	73608a3f-2456-4d89-a9d0-38bfbd8e0393.wxs.aliquot_ensemble_raw.maf.gz	2d17f4af76b0a8db0dab2078a07b352c	545334	released
ad35b845-d9e9-43e8-9a1b-5b5a27a737b9	5c1e02ab-f005-460e-b015-cae32da78fd7.wxs.aliquot_ensemble_raw.maf.gz	289393f143914f794d56e416704eb71b	604504	released
bd50a9aa-a934-430c-bed6-0642b23ea220	59ee2866-a2d5-4544-804b-005bf4aee445.wxs.aliquot_ensemble_raw.maf.gz	9ae0d73c98122d05b620f21a2a52b161	94863	released
ac0cea0e-4c73-4cc8-96ab-71d073b03642	fa07bdd7-6bfc-404e-9632-42837c8aff73.wxs.aliquot_ensemble_raw.maf.gz	593105811a2b6d69581f57f6bcd93dfd	39776	released
da635c7c-51e2-4369-8aaf-c3e7e9f5c48a	343bc0d2-67fc-4446-bfb7-1e1c57ace519.wxs.aliquot_ensemble_raw.maf.gz	38ca6a4f109050de17cbb5e482beaa2b	135386	released
a0e3dbef-f05f-4a80-befc-465887378d9d	0f58da7c-cfb2-4021-8648-5220ca782a16.wxs.aliquot_ensemble_raw.maf.gz	e5a08a0d9d63bdfcdd5538be2d131e08	219398	released
b026d243-62f8-44a4-b411-81014c876a86	14f8f26a-727c-44dc-8f37-f5d1d4378e04.wxs.aliquot_ensemble_raw.maf.gz	0de37978793a2ccbf7254b838f621c0f	168539	released
b5d8faea-4fe0-4f42-9600-03f82686c60d	413940e1-c35b-41ca-a381-381deff762f9.wxs.aliquot_ensemble_raw.maf.gz	2ed1410a07cba418aa66cfd7b6169711	132072	released
cdde491c-2890-4cb7-b9a9-300caa23d572	ecfd1158-6ba8-44a3-b0e1-a557190df23c.wxs.aliquot_ensemble_raw.maf.gz	2a93a24d81c7ffd9d3cb71166b1a2e88	104300	released
7cb230b6-c6c3-4ab7-b22b-5cf0bbf8fe41	7a5fb9c5-bc52-4c7f-a65f-8660e7fca8d8.wxs.aliquot_ensemble_raw.maf.gz	99564700a83ac4bacfa44bc3a810ce1a	104829	released
cbc71625-d9fd-4cee-97cf-704f810f611d	cab1757b-8756-4c73-81d9-8d3d390cbeda.wxs.aliquot_ensemble_raw.maf.gz	b1fc82b6e33bebfd1a0acc4789866ecc	258298	released
62b11fd5-9bba-4076-a8d7-d8f43e6befef	f8ea005c-2de0-4bb8-8009-cfab900cb0fd.wxs.aliquot_ensemble_raw.maf.gz	6437f275b8250e2c27d80860f5a34219	266279	released
8673ebb4-4761-4fa2-95da-ab7954abd8cb	fde69fb5-1fd2-47b4-99c0-8bbcc4a13ba9.wxs.aliquot_ensemble_raw.maf.gz	c88164fc913ad418e135aa2bfbbe70b9	133439	released
704e06be-a9ee-410c-8fd6-ff0b70a152f8	444442c1-32a6-4b64-bbb4-831f22aa00a4.wxs.aliquot_ensemble_raw.maf.gz	94cd3d19841ca4962a24ffbad2e14411	132383	released
131953eb-f88a-448e-8ceb-118c0c842887	6318ffec-28c2-4307-9db8-38bf7f13cd12.wxs.aliquot_ensemble_raw.maf.gz	32a8501bb748c0109a744c9ddfb6259c	410136	released
91ba2e6b-3b14-497b-b764-fb36aeb75bd8	1e99bf12-cf11-4b19-b4e7-fd81306cc2fb.wxs.aliquot_ensemble_raw.maf.gz	1cee2ba74e80221dcc6ee74881285623	381786	released
e87212e8-1b52-408d-8dee-19801b0ee9ec	768c63df-d28b-457a-a07e-4c1e80e118a3.wxs.aliquot_ensemble_raw.maf.gz	54fc2fbe8b64e6d9f1244a1c9c57e777	224656	released
7d7d11c6-e3eb-4bd8-92cf-c06127a3a759	d81816b6-49c1-4f0e-9798-5e50a0d44582.wxs.aliquot_ensemble_raw.maf.gz	43cb679dbd747d43a6f5819de7838f56	265366	released
214239f0-f371-4ef1-b22a-bb1210290df9	d9e730a8-0442-4679-8154-4bc09b39e16a.wxs.aliquot_ensemble_raw.maf.gz	b5f77391dd3efbebd1dcf4512fe5a879	208145	released
da00a544-ff81-431c-931c-bab7f1b39b82	7bba1178-a1a8-4f9e-9ef3-ad41003065f5.wxs.aliquot_ensemble_raw.maf.gz	4e2d4fdf1dfc45992090c2843364af07	117924	released
f7dbf636-e891-40db-b675-d12ce7af7a73	d308e3a5-99a2-4cd0-9869-26ff76a6dd75.wxs.aliquot_ensemble_raw.maf.gz	9c0676116d5fe7ce126ca1d208caf4d5	112123	released
ac0ba75b-c949-4ee3-a4d1-23bc1685b7c3	211adb3c-94b0-4103-87ef-26a3e2b047ef.wxs.aliquot_ensemble_raw.maf.gz	157453f6f332d575bddf10dca1376ea8	49504	released
253238d4-83f1-4e34-8936-ac3fd760f5a9	38b27442-bdfb-488f-8ad1-ef837020aeff.wxs.aliquot_ensemble_raw.maf.gz	64d2103cfc96aa2a752d370fe8bd35b5	151578	released
8407577a-64e7-4750-a408-f4f40c2bb999	680b15b2-5fd1-4226-926b-f0db8a106822.wxs.aliquot_ensemble_raw.maf.gz	ef82ead617a3ba961f3c8ce6433c5c21	275648	released
e937cb80-4cad-4f84-aba0-34ae6e2e9d0b	785f19dd-16f5-4330-914e-0b295835b4d2.wxs.aliquot_ensemble_raw.maf.gz	86df5d6040f83091addaa5143a0fa495	546254	released
63d8a058-ca42-4e6c-ad29-73b905637bb0	f5ce9296-fb6b-46c7-96f0-147fb37ff33f.wxs.aliquot_ensemble_raw.maf.gz	858b48305b99264694a0671026ce8671	165359	released
3ace3427-bb27-4ffa-b49a-350d56874a45	3aa8f901-83be-4d62-9af9-957769a62493.wxs.aliquot_ensemble_raw.maf.gz	2cd8e5075c249793117e4ef37f5abdf5	234959	released
acc208ac-da69-42e2-bca2-644b2c5e308f	6fc1ff95-0466-49d8-be2e-ea95bfd8b375.wxs.aliquot_ensemble_raw.maf.gz	13f07d31623fda29bd6929bc9d2c3633	110319	released
fcf85b56-9b0b-40b4-a9e9-68e2e7a47885	f2cfacbc-a824-4568-89db-6aca0d06af74.wxs.aliquot_ensemble_raw.maf.gz	3eb28dca3d4ca51e60f48589c91ae3fd	108038	released
1e4e2737-9e7a-4ff4-8562-36fc32566710	5387a7a6-6882-476e-a57c-fffca53b11e2.wxs.aliquot_ensemble_raw.maf.gz	00b1fa9a5cc24c58bc12bcbb9abd84a9	392967	released
23e3a3df-dd26-463a-9e7e-e688b940cdf4	ae3ab4b5-d0a4-473d-8e34-d4ca663cd27a.wxs.aliquot_ensemble_raw.maf.gz	9d760974de441125153a3d95d2daf814	275336	released
c1c1574e-d8b1-4e99-bf23-fbf7f465977c	5c5b5776-e87b-4a6d-881b-e0c4ecd38af6.wxs.aliquot_ensemble_raw.maf.gz	c1581d8b6633896de9046e757d3624d5	192547	released
4e648a13-1bb8-464f-aa25-aba617aa23f7	5dfa07b9-3d69-4974-9a29-336b47b0cdab.wxs.aliquot_ensemble_raw.maf.gz	51798a72da455417f47022f0c46bdf8e	273208	released
c934bcac-0348-4fac-bca4-61e72eee6b37	df1cc429-8eca-449c-83c4-8f0d69613bd1.wxs.aliquot_ensemble_raw.maf.gz	3cf6a78e6deb6259871badc7f4d9c1ca	305989	released
fff70749-666e-4659-9b8d-1f2ae8caaa2e	e4345630-2e05-4fa2-9009-164fa62c4c4f.wxs.aliquot_ensemble_raw.maf.gz	6f9b7f006fb51a10d0da78ed9b600697	442469	released
f443722a-f374-44f3-a602-3d2ee0d94ef5	3e50ab05-e910-4dfe-b17d-b1e123539c2c.wxs.aliquot_ensemble_raw.maf.gz	7b4a6e901c40a4181a241b3639c40395	198803	released
67f789e7-437e-4dca-96cc-dd181ae573cb	e3e3092e-9d8a-4ee0-aca9-b96d4ae85ff5.wxs.aliquot_ensemble_raw.maf.gz	19d05f930b8d5fe3109ae080ac8277de	514428	released
251b04ab-e646-4d48-8678-c922d1614004	1146eae8-cf57-410f-9637-7e404ebcc274.wxs.aliquot_ensemble_raw.maf.gz	b4154ab0e1e903b3ee7f926055168686	657059	released
f5e1be71-ba73-4e83-8348-9c78a94f428f	07bbadef-2815-4742-a5d4-ec8af2b9610f.wxs.aliquot_ensemble_raw.maf.gz	0117030729d1e7d6a7583ba6ae2e4aac	167367	released
af3fbbc5-9c9d-4af3-abb9-7780c743203c	373968cd-7c79-4afb-90ab-454820370a50.wxs.aliquot_ensemble_raw.maf.gz	ff58af74cd4823730bef462cdbde7e69	95234	released
a1b58388-d6a3-47cf-96eb-bdfe6f64a83a	418928d4-30ef-4e1c-ab3c-957ef4948ff8.wxs.aliquot_ensemble_raw.maf.gz	33d97970973bb47e6ce01a28bcf96773	702843	released
a6b99632-9907-4087-abf9-e94b19be819b	f43001d4-b3f7-4cc3-a6f3-ccc7684096d8.wxs.aliquot_ensemble_raw.maf.gz	e33120b16c130717849b442a5d08ec0c	119869	released
d1999bf5-8a38-4426-9162-54a2671863ec	b342cdbc-5af1-4ed9-baf3-d7c129ee75a7.wxs.aliquot_ensemble_raw.maf.gz	d5a7d7e66e2d259b3fc896087c49be97	99246	released
7c46935c-38b3-4b8f-8297-193cb9e03699	5118f795-497e-459d-aadb-fa184e2ff416.wxs.aliquot_ensemble_raw.maf.gz	07428bf2c2621bde62acafb27f834b76	241475	released
50d22e33-8daa-428e-b318-096aa86eace9	571ab7df-ee67-4c91-b06d-935a14b5baab.wxs.aliquot_ensemble_raw.maf.gz	850b8e9610671bca706704345ea91d9e	655285	released
f60c241c-6045-4d21-aaa4-d98dfd84cbf4	ff477ec3-d56f-41eb-a9b2-d384381e2143.wxs.aliquot_ensemble_raw.maf.gz	fb5ac0a5eb06d2b500ad2bb6f568aacd	208732	released
562f6c5c-3d33-4744-9305-91f888770854	df21a677-bf91-4f94-be05-7be5f87730fa.wxs.aliquot_ensemble_raw.maf.gz	374603404b3385f244dc26d56b63bbf1	69974	released
c4285cdc-c785-4e9c-8501-8cf05363664a	b9159d8c-37b7-43fc-bb66-5ef1c17ef8ff.wxs.aliquot_ensemble_raw.maf.gz	4232acc62291572f8e5face1411207ae	391847	released
33266de5-af4b-4b32-a61b-70e056a8e952	52aa22b0-0b50-4fd8-8723-2bfcf445fed9.wxs.aliquot_ensemble_raw.maf.gz	31e20b078ca563700ee496340b9570fa	76685	released
7078c183-7a4f-4ce5-8a3c-e4d5ea46596b	782eaec0-34e1-4561-a190-2355811282e9.wxs.aliquot_ensemble_raw.maf.gz	df9489e9ab10e33d9e83ac66c56af9bd	170788	released
63194b60-3efe-4ac2-9cd9-c6758f4bc80a	54c096ab-2dd8-4b48-a9b8-2254714ee5ea.wxs.aliquot_ensemble_raw.maf.gz	9f02e7d4b40c5b068f9f54a23f3d87dd	93536	released
83c8a576-e981-488c-b569-677e344b4e55	14826ad4-fe64-4f31-bb3e-8e2d57ad7f5f.wxs.aliquot_ensemble_raw.maf.gz	0c9133705de65abde3ee8c8eb15b1bfa	511111	released
e4a4a951-afc4-4188-8e7f-d1f38f949304	cf821435-ea32-4fb4-b0c5-5c3207cb2763.wxs.aliquot_ensemble_raw.maf.gz	3217e7041e4cd28b31255889a19f7a29	71898	released
536e6645-9074-49ad-91d7-0158afb2f3a7	88ecd81d-a882-4adb-ad2c-e75549745b4b.wxs.aliquot_ensemble_raw.maf.gz	f6203f583e9922a3ad19f719d908def6	1236988	released
ef96d56d-c9ec-41e3-85ef-e58152a24291	7f5b7851-72ea-438a-a5e6-e5c383eaf0e5.wxs.aliquot_ensemble_raw.maf.gz	44e65270e4066bc519a62827d9d45bb8	305302	released
6fe5ef4b-9eb5-4523-9f73-1fb3ced57e16	6c61f159-d09f-40db-be0e-69568ad9ff7a.wxs.aliquot_ensemble_raw.maf.gz	2c99e29c736f6f872c52f024e6676f94	229416	released
abb0cb99-5830-479c-8147-f3dff140697b	28b9cae0-7690-45dd-8b5d-3a703a86cfe6.wxs.aliquot_ensemble_raw.maf.gz	da96872f8a1852482002bd8f3aa9f504	239938	released
39d04aa7-98fe-4e3c-a134-7956bf353d6c	f6ac0d17-0d1c-4997-8f84-3be523f10618.wxs.aliquot_ensemble_raw.maf.gz	f0bdd6cb4a0082df4ef7beb7ce4f97ca	105338	released
32bb98d0-39dc-473e-9306-0d18c7f29983	4023cc05-e2b4-44aa-af56-a8b6dd31bb15.wxs.aliquot_ensemble_raw.maf.gz	8b6a8b17a4d98b9db522028aa314704e	451889	released
7943e3bd-3f77-4d03-ac73-82e5c4c54e85	96355b5c-9ac0-4b1e-ac66-41e145f4778e.wxs.aliquot_ensemble_raw.maf.gz	bc59500bff4578bebaeef5436bdafcd6	246015	released
13b8b94f-6269-49f0-9021-545eee40c3ab	95e69daf-2637-4494-a39e-a554a51aba69.wxs.aliquot_ensemble_raw.maf.gz	6e8e22a58fad12e8974305d488316039	108317	released
f397c494-c02f-4b59-adf0-315bef194268	87fcadb6-f93b-4665-8737-99653ba137ec.wxs.aliquot_ensemble_raw.maf.gz	1def0f0a52a2540e34f942213684dd79	153751	released
1c787c01-88b2-47f6-8e96-7d38bb974608	0bd40519-bbf9-4820-8629-b7d5b0a2eb8f.wxs.aliquot_ensemble_raw.maf.gz	a4c1f7951de96eff299e1bc5a96575d8	57182	released
2e2a83ff-3e7a-44f8-9d34-260d971d4a0a	565656ba-031b-43a3-a339-a4b444358def.wxs.aliquot_ensemble_raw.maf.gz	b3d3cea1361b49158549466f9e7edd90	222723	released
499c937f-92ef-4a6b-92f1-9319ca985bc6	0ced268a-0c3c-4204-bf7b-d6ed35fb9423.wxs.aliquot_ensemble_raw.maf.gz	b1242f1162bae6b0699d78ec0e62e78a	167349	released
0c10506e-3972-42ce-b2d9-4321befbef03	a2706af2-2c35-4684-83b5-ecf3eabdbde7.wxs.aliquot_ensemble_raw.maf.gz	c5ff9fedc02c7ec2db994be900e313d3	190897	released
57e7f44b-7c17-4ea4-8357-d3a666297d32	76e4d4b5-4964-43b7-8008-d160245f5c5d.wxs.aliquot_ensemble_raw.maf.gz	cd11674925eb5827b71b2832ccf12650	60261	released
a628c398-124b-4f38-8f26-fc7bafc85f8a	6d9908fe-8922-43d7-a5c1-1f36a4024ec9.wxs.aliquot_ensemble_raw.maf.gz	b717dfe12614bdcbf6945f84b87051b5	473844	released
10abebad-8b59-4cde-a2ef-01752bce3a66	1d2d325a-9f06-4f14-9ed1-db7e3f203117.wxs.aliquot_ensemble_raw.maf.gz	0128196d4c6961da0b5a7dd75f31e13b	507636	released
833ca8ec-d3d4-4967-bb39-d41616271c9f	8d486da5-c534-46de-894e-d96980f71dee.wxs.aliquot_ensemble_raw.maf.gz	d6d7b7766a3aacf9f060818f1f551658	132759	released
ab0d6dad-5449-44b6-8171-90077c43d27b	42cc08c5-3e5b-415f-af35-0643fcb9329e.wxs.aliquot_ensemble_raw.maf.gz	46ceaacdd72258cb41b3472e9e9d94d6	202283	released
184cda40-9030-48da-b7bd-960ad8cf07eb	a2eae656-2df6-40df-bc06-478163e5bdab.wxs.aliquot_ensemble_raw.maf.gz	a59505d5b680939c878bfb036154c04c	217297	released
4ec0c95a-5742-45b0-9205-4cf5841fad37	8d4a338a-70c1-4f6a-afaf-c0ccc7493315.wxs.aliquot_ensemble_raw.maf.gz	4ffdea39dbc32038625ff1b073a6fa9d	82513	released
d6e67037-dba9-4a57-8c02-2e9243627955	704a5661-837d-4d33-9c3f-aab8c05b7967.wxs.aliquot_ensemble_raw.maf.gz	48b41119d18dc46ccf1476d5460ac02f	224800	released
659893e3-10d7-404f-8ce6-f49873ff4eba	b44c03fa-b8b0-40ad-9092-f3818640f4cf.wxs.aliquot_ensemble_raw.maf.gz	e587c6f2379d5431c6c0cdb3a7b1318c	148309	released
3e45e484-1697-4cba-9585-880cfb2d40a5	5ddbdc9e-468e-4d98-bddd-3dd0d4c73be3.wxs.aliquot_ensemble_raw.maf.gz	37221df59d5a9e129d0e3779fc649ef2	74619	released
4533326d-982f-4795-ba6b-d4176d56f9e1	c7ee3e85-75fb-4fe9-ae51-97d149781b26.wxs.aliquot_ensemble_raw.maf.gz	23f55c0d422fa0066eea4ab2c0e679f8	607643	released
857b04ef-8bdc-4cd9-8a1f-a52bae748e7d	ad634b03-eab5-48ba-ada3-b984f8a1d187.wxs.aliquot_ensemble_raw.maf.gz	b3d64db8968543b8c8c202a5ad8c6e93	501426	released
852456e3-292d-439c-99f0-c523ee5b8ddf	a5e85aa5-64db-4a3e-9419-aad9bba12488.wxs.aliquot_ensemble_raw.maf.gz	8a0dbf46dfbf97068e282956a97254d2	136345	released
4ef84958-2231-4969-b70b-5ab020be8e15	47068684-1d50-4040-98ac-37e1fc63ca93.wxs.aliquot_ensemble_raw.maf.gz	d68c407c84c75e8a8bf20e3b34dc8ec2	381845	released
37037f22-f368-4abd-9d26-02c320734e93	4dc5f72c-383e-40a2-bb86-326477b4a0ae.wxs.aliquot_ensemble_raw.maf.gz	12bac80ecbad2da40104898a19476892	62889	released
2b263f1e-663d-491b-84f9-d7a0e9c2ef82	aad956cb-4fda-4148-abdc-23f0a65b3db5.wxs.aliquot_ensemble_raw.maf.gz	29aa9c59f42e6bd9fdfa7e051b165463	159612	released
5eb7cd6c-d9d7-46cb-96a4-1e420ff9957e	ecae4d1a-76a0-40a8-9f83-ec7412f89fe5.wxs.aliquot_ensemble_raw.maf.gz	61678c75f43a5300eaf8a4cdda89c863	94556	released
8aaacfae-a0b4-4953-a0ab-45dcce4daf41	e1a5102c-e7b6-49fd-b4a2-32a10936ab55.wxs.aliquot_ensemble_raw.maf.gz	ed0ec45f26a6ba47caee633c40d2ec3c	270008	released
59e69ed1-7385-408b-bfee-d4919e6e9a78	684304b9-825b-4504-99ae-6a6aca122929.wxs.aliquot_ensemble_raw.maf.gz	9997cf03eff6f7114b828927da166440	226741	released
f536a0e4-dce0-42d6-bc13-e3f6998cfcad	0f9f350b-96b1-4e90-a103-624ab3289891.wxs.aliquot_ensemble_raw.maf.gz	6f5985da67312946682bbd484d7d7560	62095	released
4309a20b-99fb-459b-a73b-5498d832fe63	b3cd692a-a45a-4c6e-8b4d-f753e057fe92.wxs.aliquot_ensemble_raw.maf.gz	97c831566d4159a4b9a1c62468855136	254868	released
fd66b74d-7da2-490d-8d45-a76f5956c277	33467953-393f-4b0b-82f0-6714ce0b75f4.wxs.aliquot_ensemble_raw.maf.gz	d9c3967b22502e02e5a2381dfd94c1e2	656615	released
def13175-0cf7-42bb-8039-1272bb4e74d7	a5befb51-702c-4e71-ba8b-9f9cb04ae9c1.wxs.aliquot_ensemble_raw.maf.gz	46ecafca2f513fa293c12aa8fe8e5209	178889	released
68248d4e-02d7-40f4-98ae-afe50f5f8264	a41c93c6-e79d-4852-953a-c0597f74d0c7.wxs.aliquot_ensemble_raw.maf.gz	4f0b5f5f034bd49533759b1ad38cd1a6	90990	released
1a5f9445-95af-4de7-83ac-35418ed3237c	332e9129-de4d-4556-aed5-6d933a6f01a0.wxs.aliquot_ensemble_raw.maf.gz	36679651a9be5df1187d8f7fb0a49c59	96602	released
7c44b1a0-6b68-43d7-8e64-03b9221b2da6	bc54cdb9-e105-4688-af63-1cb5cf9b3661.wxs.aliquot_ensemble_raw.maf.gz	90cf89fb612894fa34e8f65fa4ccb77e	412207	released
f5e2e0ca-a8a6-4e5a-aa18-190e747f52cf	e9b92c52-a0ac-4297-956c-6af61c63d87a.wxs.aliquot_ensemble_raw.maf.gz	e7af89d9970696f525ef48f1a12dba03	137895	released
d98174fb-377e-4e0f-8ae0-5090d5fdc646	d866327c-a734-4386-b4ca-7a30353baaa8.wxs.aliquot_ensemble_raw.maf.gz	870d6a91bea2c990df4d6cb48547780e	140751	released
4a6f5e90-66ca-4c35-9c03-f22d0b90aede	416a2436-c5f4-4fae-a3e2-f1c3729b16fe.wxs.aliquot_ensemble_raw.maf.gz	e393299c087d8b5353481909fe8d6be6	492875	released
c5e50a7b-0b93-4cfc-a676-24d0cbff98db	84ecfc5d-2c5e-4891-82d2-d984ad9d509b.wxs.aliquot_ensemble_raw.maf.gz	6efbef221805b160620e5b19e097e3c7	358603	released
9ef09437-4960-49ca-8785-60c33d03f767	c8b0380b-818a-4689-a1dc-5bbecc611b7f.wxs.aliquot_ensemble_raw.maf.gz	a20a7fc56c2784e9e092915fe22474e5	580840	released
b053e101-8514-43a5-ba20-1a84b461146e	56b2a13b-1539-4ef2-ae60-e5a29c673f9a.wxs.aliquot_ensemble_raw.maf.gz	3e39565ef32d8fbf2bec03805a88e3e4	85721	released
349393b1-2d65-4b79-90fa-56d93852b8bd	7e1126a7-3efb-45a7-b7c3-ccaea5687c70.wxs.aliquot_ensemble_raw.maf.gz	7c63413b16f948830eb07a5e862845af	410418	released
77cbbdc1-5f8c-46ad-a994-933f7ee03db3	83798b8a-d1bf-4e49-927c-b584f9dc576f.wxs.aliquot_ensemble_raw.maf.gz	dc0211aff4841e0a6161ea7092ce95f0	251584	released
e635bf8b-3e3e-44ac-a4e3-f41c36580413	33dc49d5-7334-4a38-9c77-7fe22e60813b.wxs.aliquot_ensemble_raw.maf.gz	743ffafff4c0f994bfd169add4d147a4	80432	released
d77d3724-848f-4590-b561-d975313fcbe0	d4769f0f-f678-4a7b-9941-f08c4725ea61.wxs.aliquot_ensemble_raw.maf.gz	9a9a18427098a802cc06ee857fbfb325	340557	released
b2526efa-13a4-4699-b259-ca6650ab57ae	8726c740-3208-42f5-82b8-fa292a1f2846.wxs.aliquot_ensemble_raw.maf.gz	caa602445b374e78ca9cc695b87ecf2d	172213	released
f83acd03-b0f5-4c6d-9566-38fa242e91c9	62d604e0-2250-407f-99d8-ef5a858dcd9c.wxs.aliquot_ensemble_raw.maf.gz	f1b3608663f7f991178a45404757912c	283263	released
f745c8c6-7d62-41cf-8429-3417c9d3304e	4afba480-8150-42e7-a03b-8fa54760c1e1.wxs.aliquot_ensemble_raw.maf.gz	c178b9ece02c3442a7f9a2b8371bc133	351147	released
a541e8d7-59be-449d-a3f3-cf19f698c979	15daffdc-dd31-4527-abc8-0e62168e0ebd.wxs.aliquot_ensemble_raw.maf.gz	6b26384be5c418935e7185aca0ee900c	254423	released
76baeab2-e1e2-4ec7-963c-2e88e0806a49	26b2b1c8-8f78-4ef9-a90e-f5744154b8b4.wxs.aliquot_ensemble_raw.maf.gz	c26542b79a0925c8bdabd0c4dd895251	347950	released
94b3fbef-0675-41f5-b064-6fcb8c1d30a8	5e1e9429-dfc2-47b0-963d-9b3152864ee8.wxs.aliquot_ensemble_raw.maf.gz	11f4089f6d386fe13d2b7deb6c75cc84	160254	released
201fb4b8-667c-40c3-b017-1839bf695a57	f8fd0d06-afd3-4149-90f0-ea91710dc914.wxs.aliquot_ensemble_raw.maf.gz	62a3781adefb196fcd600c26ceb9352d	374323	released
f21ff39b-35ea-4044-9f42-ddafafd30a4c	6313be87-755f-4626-9b99-6e72d1866693.wxs.aliquot_ensemble_raw.maf.gz	e902c286f7756bf4f8bf68dd73d4b58e	261676	released
42b05d08-2d7f-4c8d-863c-f3dabc6859a0	08b3fa43-ccda-4429-86aa-c61fe590c20b.wxs.aliquot_ensemble_raw.maf.gz	48f75214560fa99c1ca9141feb6a051f	415119	released
88ef1fae-04e3-4a2f-a791-7245050b9069	c879bb59-2ee5-416b-ae16-95e8efd30d34.wxs.aliquot_ensemble_raw.maf.gz	e326f33a984c4fdd5f21c026d5c474c0	226463	released
ec188b40-035a-462c-88df-a463d65add1a	4f60cd9d-87fc-421e-aa75-7effba2fadef.wxs.aliquot_ensemble_raw.maf.gz	fd506d1e4f96234b87fd1e6ce674e8b8	380907	released
3d9f1998-e6fb-48b5-964f-d7bbc0ba3616	4abb8190-8ea6-4b4b-8fd3-5d4d3c33e2bf.wxs.aliquot_ensemble_raw.maf.gz	59c33bf25ac828e5e1ecc80dcdb39528	523260	released
6214fdd5-6084-4351-9f19-708da1cdfcb2	ca188462-1ecc-4a87-9897-680ac7ce193f.wxs.aliquot_ensemble_raw.maf.gz	87018b7d70c5c434c13c4bdc9423b013	102367	released
aa84267d-858f-4120-b944-e33dd4f9c413	ef9b37f3-5d66-4e92-83e1-33189555f805.wxs.aliquot_ensemble_raw.maf.gz	fe9c6c5a95d6d52ef64c6bd94c1fe3a7	109991	released
9c4fca61-a9fe-476f-a4fa-bb085bf9dc3d	c6848327-41a0-40dd-a47f-8050370ebf77.wxs.aliquot_ensemble_raw.maf.gz	d20a66c579fe4913653ccd7688167a3a	491144	released
c032265a-eef2-4e44-aea9-376c4ed4c2ce	c534284e-9bde-42ff-87c3-effe204a4030.wxs.aliquot_ensemble_raw.maf.gz	5ff922f8cc1483e567d9e8de4e7556b2	405410	released
69579cf0-4220-4dd3-93d0-321a1b4f2b24	dd1eddb2-1c8f-4645-9938-59f251836806.wxs.aliquot_ensemble_raw.maf.gz	8512946845864778f57eeadb60e8f9a2	313003	released
13492fb9-6ef8-4670-a33b-b93ec2802b8f	f52a503c-8fb9-457c-addc-6b643b15d77c.wxs.aliquot_ensemble_raw.maf.gz	69c093eeef57b909bf71609b18e5b248	317038	released
30195da7-564b-4925-b14b-aca5dbeedc5e	db9f2f65-f468-4bad-bbc8-a4c7ff6b0ea8.wxs.aliquot_ensemble_raw.maf.gz	bf7ccfa3c51f3089075abaa0e9aab4a4	162394	released
fb75cca3-9fc9-4646-812e-dd1aa4a09ee2	3e9c84da-741e-4647-bc34-a17b4e637f0e.wxs.aliquot_ensemble_raw.maf.gz	dca51aff68ae2415614d0cde8887f80b	366878	released
ab55671f-a7a4-48a1-9c71-2ddca42ece63	33ffac91-52e1-468f-a5e2-d1e17d206147.wxs.aliquot_ensemble_raw.maf.gz	1967cd8ca1956c58c64fbffa55a80faa	228985	released
5f0b9871-cc43-4410-ac83-ee1887879fe7	420b9db4-1a87-4c4c-be01-3b47ffd9be39.wxs.aliquot_ensemble_raw.maf.gz	f024953707d860687bd3b5c816d4b34f	1087486	released
ceb09748-42cd-4a3d-b968-20432164d8bb	76e5dd02-95cd-4e1b-a79b-9a4a9a5bd4d8.wxs.aliquot_ensemble_raw.maf.gz	9d48d53c1e41a6e51d8b2dba80932731	71681	released
36cf8a95-bed3-49dc-843c-4ebf6f9cecb8	7f4eefe8-2713-4aa6-b460-81297328bb49.wxs.aliquot_ensemble_raw.maf.gz	8f81c9d514bbd813ecc5a660fae998a3	267242	released
76a7d961-36e2-4cac-a093-8d41ce0c57a4	c981f20f-e70c-410b-b9a3-e731e1d14e84.wxs.aliquot_ensemble_raw.maf.gz	da6564267c05b7f84f8e065a61e57f36	85067	released
8a7b340c-d43a-4ee1-8e3c-443a1a8f269c	3addff79-e536-4bbc-8529-a30c0e8b5b83.wxs.aliquot_ensemble_raw.maf.gz	877c1ba0cdffa15080c9872d8db76fb8	419440	released
51421d3d-3887-4fcf-b5e7-b39e3ad0298d	6c21bdf6-493b-4de2-8e62-51d86ada9eb7.wxs.aliquot_ensemble_raw.maf.gz	f0351b8efd305d99e4f981fa543ccf5c	202060	released
6c850e38-c404-4760-9890-61163751e85c	a8f2869c-be4d-4112-8508-9de3d1141105.wxs.aliquot_ensemble_raw.maf.gz	c7b1fdbc58691d112661a7400026330b	373793	released
9d0d0782-74f5-4b3b-b84e-0e26dd327643	1fe23d5b-78f2-4d73-9dd0-5ad0247db458.wxs.aliquot_ensemble_raw.maf.gz	dce7e6336f5df1f24c0c894f42ce82d2	456087	released
378fb06b-4fa8-4d8a-ae23-39503eecbbd1	8892a894-2f26-45a0-bd4d-40324e92186e.wxs.aliquot_ensemble_raw.maf.gz	015e6ebd6969cb82a3d4b9d88bd68a1b	68512	released
4759107c-6ff1-4488-bb4c-b32d141969ce	22154f9d-6517-4fa0-9d64-de75bccc0d0e.wxs.aliquot_ensemble_raw.maf.gz	883beb7010b5a5f3086cba03b95e532d	260762	released
8b2ab1cb-721d-4365-8af6-c24f6de7e33a	49c7ed58-80e9-4cae-924b-6887da02522c.wxs.aliquot_ensemble_raw.maf.gz	95d800c5e7542001f7c7c4a3493a17b6	201814	released
62f4bb55-60b5-448a-8473-3ee9ee34475a	cdd8cd2b-bd1f-402f-aab5-9e844d1afb1b.wxs.aliquot_ensemble_raw.maf.gz	a4568cd20f5eef9bd554235ec0f6c9a1	221204	released
63ece136-f280-4143-950f-f0f33dcd23b3	9c5a8417-312f-4584-abb8-2afc0ff976f5.wxs.aliquot_ensemble_raw.maf.gz	fd94657dd3a1ac03dca1e4410b2e2ffc	218427	released
59666bfc-1b19-47fd-bb1b-50470bd064f2	ecb0ff77-09f2-45fe-aa40-9e02aa7b988a.wxs.aliquot_ensemble_raw.maf.gz	8116b14abf0d03d042613830bc7a8f92	832515	released
67d547b4-7154-48b1-b60a-7fc775367a4e	25e5d1ef-c0e7-43c7-b4b1-dc1db7d06ed3.wxs.aliquot_ensemble_raw.maf.gz	8a8f4d1babf651c722f5e19206f48aa9	444639	released
272dd29a-c529-48a2-9c26-b20b7588ae2d	e8a2594c-7c6e-476e-be39-fdc0688e45bb.wxs.aliquot_ensemble_raw.maf.gz	5a1aa0e1da16a436e189a0e2045d60de	177441	released
967202db-b6d4-4526-a057-25aeaad631c7	789062bc-54e7-413f-84b2-29e5c58c9adf.wxs.aliquot_ensemble_raw.maf.gz	3726e023d486a25ba4ddd7d459a9a440	202057	released
431d4e72-3d7c-4600-ab55-297935c40530	f783b9df-75c8-46cf-8859-be1f3b440d53.wxs.aliquot_ensemble_raw.maf.gz	764504e71fb26f8050a32f2c3aca3faf	1108899	released
7db07471-1aee-400e-a174-a09b1b3b4496	c3ce02f8-cce9-40c0-bc0b-08f04007c95e.wxs.aliquot_ensemble_raw.maf.gz	eb3102e34d0d9ae74786ee382e3b0b73	372011	released
8c41222b-647b-4df0-aef8-5e1f900d4471	ca88b9f7-4be5-4972-9635-7e1e0daffd87.wxs.aliquot_ensemble_raw.maf.gz	6c14fab83e7330799795a95f5075c45f	85474	released
a5ce8b53-a4e8-4f47-ab73-eaa9b2ed6212	b43bce5d-941c-4655-b923-b84664ff99f0.wxs.aliquot_ensemble_raw.maf.gz	a17ed79b3702b249ec2fb5df0fdda8e2	91845	released
570adef3-aff6-4056-a549-918135162698	1af3a5e1-1558-49b0-b946-2ed353f93fa2.wxs.aliquot_ensemble_raw.maf.gz	c781ba9679373c2e4689c4b314df74d6	306450	released
4a8c2201-7d1b-4019-a379-70e89ae66eb6	d4aa62ab-85aa-4ff9-816f-de4091d87daf.wxs.aliquot_ensemble_raw.maf.gz	d2ef7e366b3f69cdfa33ebcec2c4d575	81677	released
fff523ca-9fa7-4a0f-8146-9b727c04702b	73fcb0f6-6a7b-408c-8690-acaac02e872e.wxs.aliquot_ensemble_raw.maf.gz	41a7bcddc1318d84d69897033a9f20a7	236639	released
7b7d857d-074a-4cab-a044-622aa72ff116	ec6ebe80-e3ba-4fa2-8ec6-dbe6401125e1.wxs.aliquot_ensemble_raw.maf.gz	4183f5070b4993b832ba13f585e5844f	64677	released
6b8b29da-6b2d-4e6d-be2a-efd37e997727	9d077108-4bf7-41a4-a80d-3b05a57bec2d.wxs.aliquot_ensemble_raw.maf.gz	da464d16f7891628798e7869befc1db8	279621	released
b00f35d2-7e91-4b2d-b756-01a05bf9d4ae	29ef1b63-e1a7-405b-98a9-026de5d27ec2.wxs.aliquot_ensemble_raw.maf.gz	2133c06773feb0eb07d17ff2fb6d9e17	179567	released
3a46f1ab-ef41-4cb3-8e96-573444e164d9	fb01c35f-7fb6-4fbb-9459-48cd37689ebe.wxs.aliquot_ensemble_raw.maf.gz	3bb7dd1f6fd7fceabee1b4869889263d	747989	released
819f642e-e7a8-4307-b690-d83ee66a3d59	7d6406ce-6b98-4890-85bc-5fdbb524ddfc.wxs.aliquot_ensemble_raw.maf.gz	7360fd38a0ccc8db3bb6e2e14e018e4e	240864	released
0d57ae44-0633-447c-abdd-a9e35313b6f1	9777e902-9957-4186-b9f5-a710e40cd1b9.wxs.aliquot_ensemble_raw.maf.gz	a464ab65c881d00c5d65579ffecd3c61	468379	released
81a3a4b8-d086-4077-af26-b889813f9095	a1629ec0-3620-49d1-af78-771391afa0d9.wxs.aliquot_ensemble_raw.maf.gz	41f2bf112e73cd693edf11d2e8bc0dc6	188455	released
780aeb4a-dea0-4d02-bdf6-0cb8f0e491a9	717fc03c-19da-4112-8d65-1df5f9b01d6f.wxs.aliquot_ensemble_raw.maf.gz	c9653e8912a7d992fbdc7b64dc5bc715	324980	released
20954011-fcd1-4a40-829c-28aeabc45813	73691763-129a-4710-ae38-c26ce0eaa55c.wxs.aliquot_ensemble_raw.maf.gz	1c3ff2acb5f91b29e5709d137641fe8c	547114	released
6a39e192-6f19-4db2-ab93-b7516599cbd7	69e45844-c39e-4ab9-a09d-8e20273a5bb5.wxs.aliquot_ensemble_raw.maf.gz	3c23314f8e3e5cdda96aa82f86109202	215239	released
f55799fc-0ca1-4ffb-a620-4b4c6b2493ab	2c287b92-30d0-4c50-a1a3-edc6e3480c19.wxs.aliquot_ensemble_raw.maf.gz	8b26743c3dd3a994393cc99885646a77	447749	released
acc53335-60c7-4b3b-941b-5e2fdce59324	c8e7bc76-1055-4d13-b0c2-789f75e40796.wxs.aliquot_ensemble_raw.maf.gz	8d48f8c882014817e628e8ea624c43f3	746552	released
4b5616d0-6807-42a3-8eb6-7c5d38e2f795	b1b055bf-b91a-4aeb-88a8-ef30662b2c22.wxs.aliquot_ensemble_raw.maf.gz	b637c3ea46636d216923a68ac4b77e92	209206	released
0a30e4d6-27ae-46bf-9071-afcb416c68dd	62a24d2d-9e15-4884-b569-76bbbe81439c.wxs.aliquot_ensemble_raw.maf.gz	3f4eb067596a839f8aa720880557f1ac	176330	released
dabb3b25-bf23-4f47-9ffb-d139719da28f	9b4ad7cb-594a-4876-b218-e4303162246f.wxs.aliquot_ensemble_raw.maf.gz	0b9413c394dc9ef239b5e04e7cc6419a	115447	released
b00dffca-76af-4a54-9f5d-bdcd2fcd002e	dfec7687-58d5-4ed0-951e-d75ac11b52fe.wxs.aliquot_ensemble_raw.maf.gz	8f8d7dfa880893d4b126103a9438df8a	93485	released
c8b59fe0-892d-4736-95f6-48d1a66324b4	df35c635-dd73-4f6f-b141-6000ce81cb49.wxs.aliquot_ensemble_raw.maf.gz	9cb4f9df9fb61afc4bcf259ae3efada4	227323	released
c83829ab-3212-45fa-80d9-c08328381db8	4ebb7726-3c8b-404b-82c4-5763196d4a72.wxs.aliquot_ensemble_raw.maf.gz	20b00fc5db9f562d74e150635585d5af	190226	released
7ce1673d-8ed4-49ba-8ef7-10d3ca2dd514	df6491d4-98ff-4a0b-b88d-780b7ca73d11.wxs.aliquot_ensemble_raw.maf.gz	f4204a24f6424927a6ba763dd0400e8e	638758	released
fadee57f-0891-47c4-8d0a-53a8949ed78d	8fe36903-14d0-481a-af5f-b50b10327bba.wxs.aliquot_ensemble_raw.maf.gz	8edc5cf75f770ce525ce08955b6d9d73	464658	released
46c52f20-b69a-4d8a-88fb-13b9647772ed	f8168075-6514-433c-ad01-7feb66970972.wxs.aliquot_ensemble_raw.maf.gz	42ae4c15552a9192c3cb16bb454340b9	104714	released
db53b0ed-ee0c-467c-895d-7fa30587d6a2	1e496d8c-0ab1-4462-b2e2-a48136ab138e.wxs.aliquot_ensemble_raw.maf.gz	75c54574dd200babd671771854bf88fb	333745	released
bfc0d8f7-53c5-40f6-aa4b-55af4d78f152	7eee3182-a4c8-4ccb-9894-547dd9a7111a.wxs.aliquot_ensemble_raw.maf.gz	41e9ed57509fd9f73d45b3b8ac5b3dd1	120485	released
9c133dbc-9543-49c7-bff0-453607f41f94	9591b9ec-827d-4cba-8bca-fb464015977e.wxs.aliquot_ensemble_raw.maf.gz	6d616ae3da208b21b5ad3d4a48295997	193032	released
286166bb-4841-4ba3-adc1-b5a22d6f23f4	acda5160-7899-4a50-88ed-418d55adaea7.wxs.aliquot_ensemble_raw.maf.gz	bb5f2d860236138dcbb96a7c384d717a	133946	released
3e45ca3a-be1c-48f8-82fc-4b0c9f3c4b70	b25916cd-80ce-49fc-874c-2d26e5db6d0d.wxs.aliquot_ensemble_raw.maf.gz	8c0336aa1a68295bb58e03e04d2da684	88469	released
6d63062f-4999-4058-acba-8e278f3c6958	1c0621b6-795f-4a9c-9e69-efaf9e7ca72c.wxs.aliquot_ensemble_raw.maf.gz	ef66831164fdf1b70de534a03791acd8	94006	released
e75724e1-d2de-484c-95a5-11b804b9fbef	64749795-d448-4308-b810-0db71295f28c.wxs.aliquot_ensemble_raw.maf.gz	7e2171872d661c7c032a604ab96a3a4a	745394	released
fd115e03-3dd2-4800-b575-5ab9d1359295	a88e0400-57c1-4a4b-a2bd-8aab4c106ccc.wxs.aliquot_ensemble_raw.maf.gz	a118c6bc21421d6034a169da22eb9fab	220684	released
094b57db-adf4-4935-982f-88c1e4eac58d	3cfdf0dc-e83a-4001-87d6-89d570936fcc.wxs.aliquot_ensemble_raw.maf.gz	9cf2300e34a39dc819a67d452014d0c1	1379942	released
bfb7a244-4849-4d41-be7c-c475760f5239	3dd81d97-d573-4c22-b9a6-87304f937c86.wxs.aliquot_ensemble_raw.maf.gz	028ea8f745bf628428acae451168f1a2	605829	released
08bfd884-683d-480e-afc2-b1c8294597e0	2df6bd0b-430b-4804-a673-9439102f66bd.wxs.aliquot_ensemble_raw.maf.gz	8b45e5d53616ce905cd26177ecd686cb	172810	released
e40140b7-b420-40e2-8ee0-a2e29dd00dd0	455d4d85-b525-458c-ae66-61782f685527.wxs.aliquot_ensemble_raw.maf.gz	ff62eb5ffdf2224415e4558995f91589	321461	released
33de050f-5fe7-4153-a9bc-75d40836bd54	781eaeea-7011-4738-84ec-da4e8534af1d.wxs.aliquot_ensemble_raw.maf.gz	9f34808aa1dbb645ca804e655f35f954	161263	released
e394a651-884e-42ae-8122-4c521bcdc710	213c9ec5-b8c5-4885-a56b-9c2eb790e018.wxs.aliquot_ensemble_raw.maf.gz	0091b414539f09d397bca985e91d89d6	69735	released
6dc25da5-40a3-44f1-be2e-492016717334	addc7bff-7f2f-41ea-800e-e66ce8734f28.wxs.aliquot_ensemble_raw.maf.gz	21b82f620a92bae2c7c019554c4eb99f	290855	released
546c5bf9-64e3-4d43-bb8a-f985e44d3028	275640ab-8485-40fc-a9b7-bfad6eb75796.wxs.aliquot_ensemble_raw.maf.gz	e9eec701ce3060782a5c1d40b270542b	121663	released
54138f16-4598-48a1-825d-7d8fdf37405b	0e9593d3-994f-45ed-af55-577c1bfbf7c8.wxs.aliquot_ensemble_raw.maf.gz	befe05adb496362adc98ab59c1ade3dd	155787	released
17573977-9764-4fc6-8aec-2945907f37d0	ddcc2fd9-c351-4632-921e-5a9d0464c2a5.wxs.aliquot_ensemble_raw.maf.gz	afac5a4e17b4ff30744d7f204dabcc9d	122657	released
4d612a98-78f4-4ec2-818c-546e8990c7b9	b91dfde6-87fb-4a9f-8aac-07e02098d860.wxs.aliquot_ensemble_raw.maf.gz	7666de3fc0661a84f7cc3cc3b9ad48a9	318867	released
194309bd-c5b3-435e-ac8b-548a752c94f2	e90dde05-c6b2-4e76-8eef-0e5ecc25bdbc.wxs.aliquot_ensemble_raw.maf.gz	1ebf400add19828344a2b22585d9f76f	80037	released
4187911c-e4e9-4136-a8c6-11c8d6efe42d	22e9286d-c0d8-443e-8de8-65fbcf4903cd.wxs.aliquot_ensemble_raw.maf.gz	1a30636d7d463a00378e296b438b3d1c	404710	released
4e9aa3a6-4239-4849-bb5a-220f736d3877	b92a1403-9236-4afb-b55d-0de75270aba1.wxs.aliquot_ensemble_raw.maf.gz	749c7fc699fbe58842c21ab8fb882eee	407799	released
9022c649-2b65-4a44-b5a5-588c710b648b	6838ad55-7781-450f-930a-da62c9542457.wxs.aliquot_ensemble_raw.maf.gz	065f1fdc2ddeb60fa2831618e3e486b8	187654	released
28cbc2c5-16c3-4349-b1c4-53ce24c7a695	b7179d2e-e846-4247-a963-c960ea4511c8.wxs.aliquot_ensemble_raw.maf.gz	46fc76f564b195696fa61e46462a2720	132812	released
912501d8-94f8-472f-a5d6-5148879dc440	2bac6293-bbc5-497f-b167-b9d136a7baa8.wxs.aliquot_ensemble_raw.maf.gz	bdfc4324c88625874849917fcf400a69	675959	released
04f2e28e-4af9-47e4-ab77-caa15f5386de	25578ff6-f477-4506-89ab-52018cd75aef.wxs.aliquot_ensemble_raw.maf.gz	8e80281dc071a161b1eea27233d7a017	367955	released
91ad35d3-a5a1-4a1b-b080-e053e98feb5e	5af9475d-ad77-4393-a262-06fb775d6c01.wxs.aliquot_ensemble_raw.maf.gz	e233a192f3f6ce75992e60b008191dd1	111055	released
720413a7-9389-4ffa-9c42-0367dfc03e57	b7cbda3e-a159-4d46-a4bb-52e4c6a4bdbd.wxs.aliquot_ensemble_raw.maf.gz	d1db11705875588fc59a93cab019aac3	930154	released
294b00a2-f737-495e-8f0f-1b7311ac7002	21b53a70-5a74-49b3-bf88-957cded57e82.wxs.aliquot_ensemble_raw.maf.gz	76acc5e4b13ff576c5acb8a83e6ab205	318092	released
540d3b96-a112-44bd-9818-74986b813c3c	115a1cb7-19e4-40d3-b239-c019fbc78a15.wxs.aliquot_ensemble_raw.maf.gz	e353eb48e7dbb7a61a7568dd34f84a92	182097	released
4991b0e6-eda8-4566-9443-f70c6108e737	dcf24b26-a9ba-4523-bd10-56a5c6bd3a70.wxs.aliquot_ensemble_raw.maf.gz	c60dd1192874492c6c0ab717ed3be486	1002933	released
108b61d0-30ce-4c1b-ac25-51d56fef5373	cef89c20-5cd4-41e4-941c-9d0d9be013f9.wxs.aliquot_ensemble_raw.maf.gz	a224ba2da387ea9ba8cbf671051a1abe	105788	released
3e7c4481-47c3-4e19-8655-0e9eafa0355f	46618f2c-8c14-4d49-8462-9300815d975f.wxs.aliquot_ensemble_raw.maf.gz	40c080d404084802e76836b6ce62704b	76342	released
949195fc-1f52-4061-9c50-a2047e316199	ac31a6af-cd18-489d-8f66-4578d4020c28.wxs.aliquot_ensemble_raw.maf.gz	d5c9185d9097cf58125a4d7fa0b03cf7	103236	released
b4fe75c0-8833-45c1-b6d2-a0d7252a0ce5	a81d0d7a-97cf-452f-8756-e1b094da29b9.wxs.aliquot_ensemble_raw.maf.gz	0caa87142add546a7b6ebacc2a4879b9	102352	released
6be676de-285f-4530-b0bc-b19aeff74518	11453881-ef25-4187-af52-a687736c02f0.wxs.aliquot_ensemble_raw.maf.gz	c2b19e10bb68b3483a83c5d2ac55c746	51390	released
f569a2c2-6e28-4e36-8903-60c2e09a57bc	567aae04-131f-4f4f-9c0c-080c0971d931.wxs.aliquot_ensemble_raw.maf.gz	328fe77b08fe906384377cd1838c545b	291136	released
f18b526b-464a-410d-b4a2-e0f261cd5cbf	27e2a3e4-854b-414d-8f1f-2d3682a4e897.wxs.aliquot_ensemble_raw.maf.gz	dbb79465090fe939be82f5dd2b60f514	1346340	released
7a889e56-94d0-44e0-982a-f99a1175ae86	c3a4473b-398f-410c-940e-66e6b43792ef.wxs.aliquot_ensemble_raw.maf.gz	bb000cb73f50334e589c750a8e165895	124078	released
6221ced2-40a6-4e31-89b9-4facc0edcb18	23d0de5d-9159-4edb-969e-efb3e580e56e.wxs.aliquot_ensemble_raw.maf.gz	47831d2a4073566d7e7890279ac51d96	234411	released
67409717-f35c-468f-9d64-06c964e232bb	b0fbcc5a-9946-497e-85e1-0bcce29e2bb0.wxs.aliquot_ensemble_raw.maf.gz	19bebbaae51f57a7651afa67471725eb	885892	released
667a8164-7e2f-4f8b-ba68-f742a672ea0c	5bdffdc6-ab76-468b-ab2e-dc69f3e8620c.wxs.aliquot_ensemble_raw.maf.gz	f1fe112c63366edce862355a9a072b56	85873	released
42c73dc2-cc63-4223-b420-86140fafb731	d1a3419b-b929-4247-83a1-afd68a3a233e.wxs.aliquot_ensemble_raw.maf.gz	b69bfd9eecdb84e0dfd7efe25fc8de33	208999	released
c185d9bb-2447-4330-bded-f2cddb2f2d32	5ff85c14-6433-4173-bfa1-2214d92a6482.wxs.aliquot_ensemble_raw.maf.gz	c98e7cacf6d2f0b27266d6007ab16045	527407	released
e5ae8cf3-7c8b-425b-be9d-9e6407252f0f	47c43e45-c3b5-458b-9b39-a2e99a058199.wxs.aliquot_ensemble_raw.maf.gz	20c6c7dff39ba84d11f42b2c6fc46cb0	1838518	released
ed13e587-2dcc-47c3-b287-839d2560b2a9	4f0437f4-be61-4881-8f74-fe88e4cc4ed3.wxs.aliquot_ensemble_raw.maf.gz	b54a0883905bd2dc86b106f32bfa2b53	139359	released
79b0371b-2bd0-4c3f-9a9b-56a2f4e0aaff	2d08add4-14c6-4cce-9232-07d7a1c7b290.wxs.aliquot_ensemble_raw.maf.gz	3777b83965b1d33b8cc7dbada4b9e86c	116007	released
ab6e5927-11ef-4f49-89f5-08094884b49b	e2d27836-615b-4573-ad60-5ff03edef8b5.wxs.aliquot_ensemble_raw.maf.gz	150e23468d5d7dbbd6fc542b75d899b9	202257	released
afd51795-f31f-4d9e-9dc7-04923d670597	a1013e4c-657f-439a-a3e6-7a63c651231a.wxs.aliquot_ensemble_raw.maf.gz	d1a8c079bba2e0a6b39cc9a86fecb0ca	180651	released
65a0e978-1a46-4c91-9d4e-087aa51b67de	851a3caf-f287-4d2b-b61b-c03e6c0358c4.wxs.aliquot_ensemble_raw.maf.gz	197ecf4bde894d92cad51ce95c207171	86145	released
ebc32304-cb44-4a8a-a7fa-fbc0016864ce	b9469a1e-f810-4c0c-975e-1e82257ff032.wxs.aliquot_ensemble_raw.maf.gz	3b70e8a53daa62e7a0ea707c49f2be1f	291328	released
0b5a9d06-9dab-4624-bf15-cf2b68e7c274	257c51d5-e3bf-4c3f-9cd6-acf827764784.wxs.aliquot_ensemble_raw.maf.gz	2758c2665450f23f2f459f70e066c132	192061	released
39aace60-3567-425a-889a-b68a7ff1b3e0	a56f81a6-76fa-4e54-89ef-08e340de73f2.wxs.aliquot_ensemble_raw.maf.gz	d3d81560e987ef1d71505ab1d7ad18f2	145642	released
bf093bf0-0567-4222-8a20-0e85529a88ef	e376cd13-49c0-4c46-bfb9-5d5230bfb35e.wxs.aliquot_ensemble_raw.maf.gz	ab998cf6531ffb2377afc1103cbdfc4f	418220	released
5e33c34b-e4f5-4c09-88c2-9b76a209a444	edbbf735-d52b-42e2-9da3-26e69d3348f2.wxs.aliquot_ensemble_raw.maf.gz	8f23cf354ece90afdf3fb58132463304	113346	released
b0dce08a-2a50-4769-8144-4cdeac0ebfa9	09403493-a14f-46c3-8d89-4b7b5ac407b1.wxs.aliquot_ensemble_raw.maf.gz	2f5bafdb5d1253c8e3b523fdd0fb4e91	58517	released
28ea55fe-d82e-4ac3-85ba-0d50da112494	fe6029e2-872b-44b4-a22b-1a9fc0e33739.wxs.aliquot_ensemble_raw.maf.gz	264164c344ce1668e21b24340905ba82	268301	released
def8b414-c50c-4948-93c5-5535951a30cb	85778361-3032-4076-9fd5-5cdee32285bc.wxs.aliquot_ensemble_raw.maf.gz	691f61cc6d02a746a139485356aee3a4	184225	released
f62fbf50-4fc7-4655-9ef5-92f9b7f8d8ee	96a114f9-2edc-44f7-8a89-3d59cf3a75c3.wxs.aliquot_ensemble_raw.maf.gz	de30df591d1b0709b8cc1cb81926b2c6	185482	released
4970ed63-ffb1-4c85-b1fd-7c5eb16284c4	2a7f21af-fa1d-4d2f-903c-f449b88cc442.wxs.aliquot_ensemble_raw.maf.gz	a1206978c2f9d1de7da437a44731a7d2	149449	released
8154c01e-7e7b-4e7f-a3a1-d318e6868712	22ac955c-e0d7-4b5e-9d92-5a982e84e51a.wxs.aliquot_ensemble_raw.maf.gz	4b21d9bd47ef0576baa100c33b5a4fc9	246532	released
1ed0f723-c3b3-4c2a-ae50-0e81daece108	ada875f7-1ad8-4aac-9199-254484a934b4.wxs.aliquot_ensemble_raw.maf.gz	98f7c9775058dc7a9b985369e98966de	361535	released
935343c1-34ad-4033-9b48-75ed63888361	b8e06bde-d36d-418c-bcee-6f03708def99.wxs.aliquot_ensemble_raw.maf.gz	fdf5805a7ad1b1a5c251b9044ded09c6	391590	released
31915f8d-c352-4ee6-b036-930ea6c52930	1da0bfb1-2d97-46f0-8936-5f994af9c44d.wxs.aliquot_ensemble_raw.maf.gz	55c8189749cdc17738072d92a22a1b4f	102652	released
562f6d62-0462-4c5b-968d-c199d4946922	8ab41759-32a6-4b72-911f-507260ed2c9a.wxs.aliquot_ensemble_raw.maf.gz	9f230e360cee429b4cf7a89e02601549	288274	released
a2682acb-573a-472f-9dc9-ac5c751d48bb	ea61015d-0596-4683-b19a-4f693a38a97c.wxs.aliquot_ensemble_raw.maf.gz	1cebd45970b4fd7a69833f5f66c35d3f	192032	released
0dd569d3-ca2e-435a-93f0-945631384d92	aa17d1ba-3fa8-4679-b700-3e7a8bf7f45b.wxs.aliquot_ensemble_raw.maf.gz	9458ed5b845901f47d3e6b3c8ae18a8f	294169	released
a0af7b78-9624-493a-acb3-3072064fd315	9cc9e034-5f42-47e1-a304-3e2d2935f57a.wxs.aliquot_ensemble_raw.maf.gz	f2d149833e9f4a04c743e4a3fd3fd15b	285148	released
1907c354-8e38-4d6d-8a89-d482a390d344	3722e40f-ae0a-4d22-b64b-5aae459ac112.wxs.aliquot_ensemble_raw.maf.gz	d1c20b7a00be7af6eefa6abf1f22e262	281671	released
7865c419-76c1-4adb-836a-44efbeb488cb	a07cd798-794d-4e32-8afb-1dcf7a436a83.wxs.aliquot_ensemble_raw.maf.gz	7d3f71508b930350ddf0735781a49a4f	555242	released
21c4f920-c8ab-4b4e-872f-374dd7c63a5c	9513e562-9db9-48e1-8287-534b1ac23544.wxs.aliquot_ensemble_raw.maf.gz	0ec77d954a99be92f55c656978aa7a2c	442647	released
9edec8ed-eade-46ae-928a-e4d014ec9760	285301af-26df-4d59-991a-5933938f9a38.wxs.aliquot_ensemble_raw.maf.gz	ad4b731356ba6bb803a214a710b45484	101603	released
d4912670-9c4f-4f2c-9a7d-609ab5b60f07	26cc9fa4-a92b-41f5-830f-c5333eac4365.wxs.aliquot_ensemble_raw.maf.gz	ad642f6103b73a557229917792dffeb8	563694	released
f45bf2ce-fe37-40a5-917b-d757dc36de87	f7e11ca6-a95d-4340-9d01-4c697899cdc1.wxs.aliquot_ensemble_raw.maf.gz	c4ab7f4e3671be52c9a1b6413ad136ef	105084	released
003c251c-4aea-4545-b52a-74d82e056130	231d8ad3-1bf2-4171-aed4-863667c7a41f.wxs.aliquot_ensemble_raw.maf.gz	9e85acfc8cc811321ee7427490d9193a	309903	released
308832fd-6a94-49f5-bd39-aaf1f0a2c232	a98ddc58-96ef-4278-bf6d-43521099a344.wxs.aliquot_ensemble_raw.maf.gz	6855a090fb2ef7dc794fa7168ed17d17	130277	released
a3f9abf2-6c80-49ff-8315-4aa540fb8b54	4eba2e38-67a5-4bc2-a1e5-a29f44156a59.wxs.aliquot_ensemble_raw.maf.gz	b926f715f27b8bdf613ebd279b0d4d88	153450	released
bd27c106-885a-4439-982c-26675f7d7eed	32df12e5-0d0e-408e-9ee3-58cbf99e66be.wxs.aliquot_ensemble_raw.maf.gz	ba25ce036cc6e61615ffd04abaf2cbf4	171668	released
06ac34b2-bc96-42c8-b629-45801083314f	51d88957-9eb0-4f40-bb9e-cfb995b83d90.wxs.aliquot_ensemble_raw.maf.gz	68e158c10f0d946c9938a607697e75e7	142729	released
dfb51b34-3211-45b3-9ed9-425d517c5f2f	e8fd4269-c9e6-4f1d-be5f-eee80fc4b9fe.wxs.aliquot_ensemble_raw.maf.gz	df5cc34473e3e7175ef6ea032dbd6a1f	215684	released
97d3a1bf-6914-472f-b9b1-51d9153bf95e	29705d55-0d2a-445e-9ecf-0b91e48d9c79.wxs.aliquot_ensemble_raw.maf.gz	015dae62cc40e24de081256e66a9cbf6	512870	released
96b6fb2f-29ef-4560-a431-9a9fdb685c29	7fff37c4-934c-404b-b4a6-00045f08053b.wxs.aliquot_ensemble_raw.maf.gz	e775e01989335da854a5bb0184caedbc	277966	released
7cb70b2b-5c9e-441a-b106-c170be550cb3	135d87f4-2943-4e79-aaac-0693b2eeeb8e.wxs.aliquot_ensemble_raw.maf.gz	0281c3e250e053bdb5bc3d58762faffe	618080	released
05aeb0e7-314a-49a4-bcaf-ddb1ae6d6521	3445d00a-6639-4730-b12a-b7f9e225b32c.wxs.aliquot_ensemble_raw.maf.gz	40be1cf3fd073793637a06bd427f18e6	202404	released
eb14b766-f99a-452a-ba06-0ec20e7261b4	f67a0e57-d1da-429d-a65a-7ddf226727ca.wxs.aliquot_ensemble_raw.maf.gz	d9e896d60302bfade50895a81fe45c60	240988	released
c99d0de2-7246-4afa-9ed9-c8128ac48240	11ca7d53-61bd-4567-8e24-0712bf71a43b.wxs.aliquot_ensemble_raw.maf.gz	e2c68abb3b49ef561099b43c03134f75	80353	released
68f773f8-d396-419d-b7e1-6d0bd6b8e7e2	dec2238d-eb92-482c-8f72-ad4a9dfb2df1.wxs.aliquot_ensemble_raw.maf.gz	b5fcac913601add76e51762ec21aa72f	213346	released
29d8bbc3-283f-495a-92a6-0e0761e50cd2	3497b579-9a79-4507-94f8-d6f99ef06327.wxs.aliquot_ensemble_raw.maf.gz	df34efa31dfed15d9f4f6ed639bd9855	265688	released
0331f37e-2ca2-4ac7-82ef-a6c4192fe0a7	fecc7968-964a-4b80-8490-20fa72aef1c2.wxs.aliquot_ensemble_raw.maf.gz	6a81be33518e7984ecc6bdfe30420d10	588784	released
4255e777-e0e8-4fb4-8e6b-1a0b42032b19	16aa8b2b-9ec5-4a55-8c41-45245a48e055.wxs.aliquot_ensemble_raw.maf.gz	8e285340f0fd5b8962935514027ee00d	252001	released
b7b5ee32-c075-4b5f-b0d7-574146a28ce5	9bec378d-6375-4b08-9b90-e50d095e07e6.wxs.aliquot_ensemble_raw.maf.gz	b7b8fe040a0c92ce1572c76f65bdf41e	91946	released
b83c2cf0-f428-4455-b4ed-b6df04c9d7f7	e65fc432-29d8-46b0-b083-84b673f70630.wxs.aliquot_ensemble_raw.maf.gz	7736916f933c371c8ade46704ce2696b	119028	released
49cd2fda-4275-42e1-af2c-a04ef4ba781b	f79d17cb-b7b3-453e-b4ca-92cd9197db02.wxs.aliquot_ensemble_raw.maf.gz	88c99bed0589787eeda9b77fe8533842	98925	released
2b571ad7-ffd0-4a97-940a-c3c838d3ce21	3a03f1cb-556e-4051-bfe8-7c2bb4fc2c30.wxs.aliquot_ensemble_raw.maf.gz	9d61d1bd4a9029b13bcd145dd026bfc1	326647	released
1eeeda35-1b63-4754-8334-7cd75b28d17e	79c5f4d6-a845-4b38-a0e0-f356a19e58ee.wxs.aliquot_ensemble_raw.maf.gz	56d6abc75c8033aa1880b36c95f97236	161034	released
23dbfce5-185d-402a-87b5-abe8400f0519	9a9facde-8f8f-41b5-b4dd-928e7f6e31ec.wxs.aliquot_ensemble_raw.maf.gz	c2ab3b909811c42471a424b80c88f008	114283	released
d07a9147-7124-4cce-998c-420248d61a17	be27e5a0-7124-4c6d-a5e4-59331bdc1cb0.wxs.aliquot_ensemble_raw.maf.gz	13460dc25af3a356cbcc3f3a4e536d92	247427	released
dc5c0fdd-3f29-4a01-bde9-b6759343ecc7	4577ff32-ce0d-4147-9fa6-dae4d63cd795.wxs.aliquot_ensemble_raw.maf.gz	4b65d80ba947d268b6ad7bd6f430e6ef	312418	released
f2ee98d1-cf64-4b01-b753-8899d6b4fd22	b84c03bf-8875-4810-afc9-efb787e1d277.wxs.aliquot_ensemble_raw.maf.gz	ba9dbf4ac7604d82835d6b53f6f2a144	532091	released
f8a9eda1-0fcc-418c-8b05-2b35ed7821a0	ade490e6-b430-4ee5-8160-52810d506048.wxs.aliquot_ensemble_raw.maf.gz	d0472232651a0bc2e71af9adebb79ffb	319410	released
f105f4d2-7ccb-4991-828b-aebbaa2e81a4	1a8a2fa5-eff6-4e2d-8113-67b75e4d8134.wxs.aliquot_ensemble_raw.maf.gz	0b62281c90a587a9e5cbc7fe485e1bab	203875	released
ae66bd94-bbe7-48a2-a44b-a6c6a23bb30c	6af1bbd2-79d9-4a1f-b527-ef6d0177e37c.wxs.aliquot_ensemble_raw.maf.gz	3c93d00d3e9db7ed5cfa9261167327db	165016	released
da22730c-1dc4-4472-b990-b1e776b7c94c	782952ed-acef-475f-b35c-79f1a393c370.wxs.aliquot_ensemble_raw.maf.gz	0d68f6f6677e3c762edd12c82fa69e7f	164460	released
37899ba5-1f5b-4d6b-819d-4798390b861f	e331344f-d81a-4abc-a4e6-918566451b65.wxs.aliquot_ensemble_raw.maf.gz	266576b70aee6708b9607d1ea7e01de2	105648	released
47b548dd-e97c-4ce9-b861-9cb7be52463a	d74b882c-ee9e-4f4d-bbcb-a1cd3e92c63b.wxs.aliquot_ensemble_raw.maf.gz	a8f7e71e08ab3a41d07293dccd15ccaf	267255	released
b87ec766-5316-4b8d-bd6c-d8619509b49a	e8285c1d-f550-402b-9280-7e3ca9c9db03.wxs.aliquot_ensemble_raw.maf.gz	8984ee2e2ca6aa0338a3cc69e3d32ecd	139032	released
f6f80ae1-554e-4f2e-8f77-b81abb82fcd5	f56fcde9-5212-46d4-bd4f-73250c450673.wxs.aliquot_ensemble_raw.maf.gz	9e49bf500626b3b2b610ad02a9c090f9	169428	released
859702e9-0b64-47dc-9733-4654bd109bb0	9b05be39-3c52-4e17-93d6-1a9c622c73d5.wxs.aliquot_ensemble_raw.maf.gz	76d1107d5780ff66ca2196fc31281ac1	201703	released
721a8ace-26f8-4a09-adaf-1f6073a09704	f160b20c-f7d3-406e-90e0-2406cb7ab41d.wxs.aliquot_ensemble_raw.maf.gz	738aca7f46cb4d45de9be10e8e91a2ae	188466	released
f5e73d9d-d26c-4567-8cac-4cf3ca20a52e	6f48efa1-82c4-4d2d-9778-1db4ecea6234.wxs.aliquot_ensemble_raw.maf.gz	f4a22f170957a161f12a348061dfa76a	286828	released
81801c57-014e-44fa-9a4b-daa12ba6e4b9	59494bb2-eb5d-477e-9c09-86caecf3b73a.wxs.aliquot_ensemble_raw.maf.gz	20d992164f536f16f54be65698903225	330653	released
50d37998-c356-47b8-a8c4-bf7cbfbbd185	42148863-8ba8-4fad-b30f-348f37ece4cf.wxs.aliquot_ensemble_raw.maf.gz	f36193323ef0cd68cef6bf7c3816fa14	287482	released
60c213c1-efcf-4bda-91ac-28724881a44e	9325ca35-d167-465e-a582-7991f67f713a.wxs.aliquot_ensemble_raw.maf.gz	55ac319b2b4f63b500a49a3c20c18221	302198	released
0e1f0ef0-5612-4221-9a5d-3791a81f8469	02b85206-3f54-4b9d-8a11-e0d5ddaad387.wxs.aliquot_ensemble_raw.maf.gz	cc3542ffe4254789735c4b0f5737448d	96775	released
d4e56e58-9c8e-4689-a07b-bb7aed2a77b0	23472ce9-116c-46b6-812c-5fdf93d253e4.wxs.aliquot_ensemble_raw.maf.gz	05ba7bbccbf03dcde465a844b4a24c2f	282340	released
1b5fcad4-c3d6-4c23-bdef-9689695b07a7	72328e19-ca06-4df3-801f-814287b3eb9f.wxs.aliquot_ensemble_raw.maf.gz	1e8c0dce138fa2c97d83e37a3b5e316b	213628	released
9621ae1f-e528-4ae9-a1a3-f0a889530f57	6706798d-874b-4b44-a996-35b3c9a19aff.wxs.aliquot_ensemble_raw.maf.gz	6a8c93a4edcfdb8fcc6632014a3b8563	114121	released
1c7f38c1-2f29-4c5e-bb96-cdc8417bae8f	3d9e5bdf-3ea1-4e25-b7cd-bf799b4394b7.wxs.aliquot_ensemble_raw.maf.gz	a81e8add3f348ae84ad3f0e480b04e14	154950	released
c00e0f40-b3af-4ea6-b835-5b2ef748ff51	24b01859-8a9e-4986-92fb-9956ea88fd18.wxs.aliquot_ensemble_raw.maf.gz	715d29004ebc6ab8e51407b34d292b82	122320	released
702e4c73-7edf-49a4-8930-9ff121aeb371	496f2027-253d-4c6f-a7db-db576af1d8fe.wxs.aliquot_ensemble_raw.maf.gz	6fd03db78ac8adb8ba56e0131f423652	149191	released
f89723a1-3d79-4a4e-a016-34ee02aea41e	4aee0fff-4d4b-4074-96ce-0f78c3a8810a.wxs.aliquot_ensemble_raw.maf.gz	7c1cebbc708690ad803508b7b0b5476a	348120	released
1243c689-0da5-419b-9bfe-c2ef5f8b4660	b59f8f51-d09c-403b-8ad2-98c9bd65cfb5.wxs.aliquot_ensemble_raw.maf.gz	4205dd4e96079870f6d9844e552928ab	207702	released
e55c478f-668b-4c4a-a703-a8fa5068c7ad	3fa65836-a88c-474d-b157-31cf78ef340a.wxs.aliquot_ensemble_raw.maf.gz	7fe944c99f5f6f9f26c6546beb07cf6b	233379	released
2b159433-44a0-47a0-a583-361548e3b9d0	1cc37bd7-7f9c-4cb9-8e9f-90f0a7f8de08.wxs.aliquot_ensemble_raw.maf.gz	71f2a9a773467e5d2fcdfca4df40ee01	174659	released
8072df59-b27a-4135-93f0-81f8a7e4273e	1b02e400-814b-4cee-a05c-fa6e31441b84.wxs.aliquot_ensemble_raw.maf.gz	4331d25425b6a2bdf5a87c06f2281d27	93015	released
ae703b6a-2662-4047-b63b-1bba2ebdd1f5	674ea8d3-9ab3-4f82-99e3-3fe2481e756c.wxs.aliquot_ensemble_raw.maf.gz	996255a23bf89a82feb89072e39b6656	493070	released
7510a33d-df3c-4ef8-b87a-88e7693f4289	6d1b211f-2212-49d0-8654-4550aefb9e59.wxs.aliquot_ensemble_raw.maf.gz	94f981809cd1f19758cd8ae9ec4230cd	683773	released
b8e0f2e5-da93-4694-9aa7-f9ba1269c530	3c2fc414-420c-4190-941e-26a14a62cfc2.wxs.aliquot_ensemble_raw.maf.gz	5f7222a4a69b468ef1b49a26ae158cfe	160981	released
8218a5f2-6d34-4d84-95ab-e736c08c6ae5	0e04cf94-b259-4de3-b601-f34041282fe5.wxs.aliquot_ensemble_raw.maf.gz	335ae11a438c49559cbcf9a8fa359739	295796	released
1508ee06-e8b1-4cee-838e-7178cda929a3	20c35f8f-5686-49a4-8c35-f25ac1cc53f1.wxs.aliquot_ensemble_raw.maf.gz	c0a91282e434dc6651f55478cbf017ce	292857	released
852ddb29-323e-4b14-8070-4846e6ad74b5	6cb4ca6a-dce8-474b-995e-0332b3cf9876.wxs.aliquot_ensemble_raw.maf.gz	18bf135b2592a819e36f34412814496b	216130	released
a9711154-b640-49b1-9d15-2459a30c9bcc	bb79aaa7-4bdb-4a97-ab9a-5f8703101bc9.wxs.aliquot_ensemble_raw.maf.gz	f5516dc42e6f0e7528cb6cf0401b773e	486074	released
ef79a297-541a-4c01-98f7-c7c7b85bd535	68e4c04d-ce04-4ca0-81d6-78e684174317.wxs.aliquot_ensemble_raw.maf.gz	73e159a6d85b40c629428126116cdcee	410267	released
d86136a0-c872-4841-8a21-2c15e68d8c7e	04b06599-0300-4e8e-bffb-72cf5825791d.wxs.aliquot_ensemble_raw.maf.gz	005d9a54619523478e439e5a775127af	873226	released
97973bc6-5558-4b58-a3ae-477754b54bc4	70f02542-6746-493c-bc6f-12aae8b6ea62.wxs.aliquot_ensemble_raw.maf.gz	c3524f4f9382885d2c25968bfe8fb6d2	407993	released
f48fde68-7824-4e55-914b-2e27e5f1ce75	7a9a3cf4-4c75-4c90-beac-eccefc9690da.wxs.aliquot_ensemble_raw.maf.gz	b678d8ee8c17b371016cde67829d9fb9	130523	released
8cc3168f-cc30-4256-8deb-5d4eba7f55b2	5eaa4117-0c17-40a6-94a9-ad229a8e5250.wxs.aliquot_ensemble_raw.maf.gz	e270106a3e503c7f6db074aa2849c636	297397	released
7d99a631-00d8-4d64-bb9a-f4eae87f81f3	e2b214ff-9f66-49c3-b4e6-540c7c4d9b89.wxs.aliquot_ensemble_raw.maf.gz	8885416dd8ec1502d72b7b4df5ba8765	181298	released
b9c636f1-495b-45fb-8b9f-46c6d0d2ff0f	efd20b42-06c3-4d61-96f2-430d60ac65f2.wxs.aliquot_ensemble_raw.maf.gz	faf4c9f0572f6f3115954b2f79f4b57e	556709	released
e4d22621-e4e1-48c3-97af-59d6bdd10982	110338c2-7ea1-490f-b8ea-a2d33c61d5a8.wxs.aliquot_ensemble_raw.maf.gz	3d0f81762ecfe942d8a7581d5846f23e	110803	released
0c41da2f-6b28-4ee4-a208-37ac03d87e3b	8ac0b413-d138-4acf-b5aa-cbba131cde2c.wxs.aliquot_ensemble_raw.maf.gz	684513bacd08ae5848b29c3edf820e84	213383	released
21beedf8-c909-4b21-9e23-f26c1311c7b5	37c8101a-899f-401e-9d7d-3269e3658254.wxs.aliquot_ensemble_raw.maf.gz	0bd20075a8243429ebc74ca7c2944e73	352319	released
96878182-c522-497b-992c-397711988e88	12c2f455-6d68-4a09-9cda-c38dfacc5824.wxs.aliquot_ensemble_raw.maf.gz	40a73e0dc783eec0c5a9dcbe301a25f3	153988	released
dfee2b24-8841-4e7b-adde-9f4fd873821e	01e8d53d-3dc4-4fde-9fe2-f8586469628a.wxs.aliquot_ensemble_raw.maf.gz	9f3c6a324d4139ab99fc3ef643dfa287	130451	released
e6bd6021-af6c-4e67-85ef-28a798874261	1f57797f-0688-4767-8e44-3195c340f48c.wxs.aliquot_ensemble_raw.maf.gz	de6eba1af2bc3e9ae6b808ce1af35eb9	504574	released
26bfad8c-379c-4bbe-a1e0-64667e1616a7	ddb9bc44-165f-4704-9e92-5da47e89b3e7.wxs.aliquot_ensemble_raw.maf.gz	f88188e96c2afcc22c5876e2e34d4038	104038	released
5132f8ca-89f8-4c9b-bf41-ab4b05655939	6646a893-e711-476f-96f3-461c8045aaf5.wxs.aliquot_ensemble_raw.maf.gz	13f06d03d9daa582f3f38769e133a5f9	108112	released
4042f07f-1bd9-468c-8bf1-da02c8927c01	a615e6c2-07d0-4bec-836f-c3dce658195a.wxs.aliquot_ensemble_raw.maf.gz	9a8e6c1bc7dce2904ac48a312233a7bd	70611	released
f194d861-080c-4281-ae7c-35a9e72bd455	1e1db7e6-ca67-4c95-b9ca-824ecb607bd9.wxs.aliquot_ensemble_raw.maf.gz	f0aa7938faaf7e3e685a46bcda0523d3	97071	released
6ea8349e-867e-4ae0-be56-6485586d8431	1d5f2b7e-98c9-4bd1-b139-fd1a21747056.wxs.aliquot_ensemble_raw.maf.gz	05a0b0a7e3b6e1470e768871b50826ce	368535	released
3f87ab9e-f470-4415-bcef-64877b7fa95a	5b0b7840-ba24-4aab-bbaf-a26e6ef0b993.wxs.aliquot_ensemble_raw.maf.gz	55548ed4bb6c043093fe9a4d5134d0bd	105870	released
5e92a549-91f8-417d-b1de-04e693ef02a8	2a1ea736-4510-43b7-9cc8-11d437c1a50f.wxs.aliquot_ensemble_raw.maf.gz	57784f7860318c21f795e8a629b20179	308913	released
103c4ca8-fcf6-427e-a683-dd571b543d60	c414d5ad-3869-4b6d-9839-3ef77efc7d6d.wxs.aliquot_ensemble_raw.maf.gz	be49de0d1d2c599ac94c2a6a8b68d82d	162319	released
dc32ff1c-eb7d-4a53-90ed-c1c2c763cefd	170e2745-2ad5-4403-9065-5a96121454f8.wxs.aliquot_ensemble_raw.maf.gz	51233eb51c339f34021bf7c33fa6a623	479759	released
0b325dd1-bef0-44db-a727-20da07d43a02	3e21f17a-1c29-4016-a61f-146b5d131f44.wxs.aliquot_ensemble_raw.maf.gz	193929ef3d34c0259c9687a2d2f5ab8a	681316	released
fff19cfe-0b77-4107-9b98-18cf6791cac9	7b413fc5-9285-4a73-93d6-7e09afd478d0.wxs.aliquot_ensemble_raw.maf.gz	ad4ef0e9a8f4c807efadb4929eb0b161	187289	released
57af2f1a-f227-40f1-b722-039615fa7c03	564349f2-920c-4b4e-98e1-d179bceac096.wxs.aliquot_ensemble_raw.maf.gz	5819e59df25daf384090d37749441341	117684	released
f87248b7-68f0-4bc9-96f9-bf29c2045029	4e80d102-460c-4555-a5b0-8c95a1676712.wxs.aliquot_ensemble_raw.maf.gz	889b03204d345f69a6869320ab3f81e2	149591	released
f3e4af99-1a73-4076-985c-10bcf83746f1	67285c0c-aa78-4b02-bd0d-824fcce3bee0.wxs.aliquot_ensemble_raw.maf.gz	4f12db19f3bc7029e019e10e4f893efa	180527	released
b5e06633-f427-4cf7-982d-b40ac17647ed	f0400c27-d826-4c7f-8993-15d8f84d58d9.wxs.aliquot_ensemble_raw.maf.gz	a9fd39d0cf2b8639d2c5fec8c894d473	75365	released
6084b409-3878-42e1-9717-8fc324bcf6c2	9ebd8976-aa26-491e-8406-86574f6cd76a.wxs.aliquot_ensemble_raw.maf.gz	215b9d65c70dccf931914a8aeffbd3d2	183633	released
412c3fe0-ca94-470f-ae2d-7d7285c5b7bf	3a49b1fd-2b78-4c15-ba62-42b0d2258e23.wxs.aliquot_ensemble_raw.maf.gz	3f18f0a3de051d9c73f24ec9fde4e47a	195357	released
e4289d8a-9baf-484b-b383-4d1b1fb0f6ab	cf8a9954-172b-4c31-8dbd-068a01d1e7f5.wxs.aliquot_ensemble_raw.maf.gz	d0d63f42d865cb009d7642a040fdd748	123316	released
d719359c-d029-4d1e-80b2-385994ba8def	10adc108-a762-4cba-8379-5ddbbefe439d.wxs.aliquot_ensemble_raw.maf.gz	d9f619a9b73422cc142e2c3719ff018d	70350	released
e0e236e8-1294-4f91-ac2d-82f93605d4a9	591a8236-b11b-46c4-99d8-eb142dfbf6c0.wxs.aliquot_ensemble_raw.maf.gz	f7312690d2efc36e5c47fe0075b1e3cb	63374	released
87a65c29-4073-4c74-bb8b-7f17bc21ad4c	3471a0e7-e840-47f6-8efd-ecf5bbe28987.wxs.aliquot_ensemble_raw.maf.gz	9f555cef39697cc336ea29513c09e5a8	75143	released
54ca86a0-c911-45aa-929d-f0e3b80b537f	75cf81f2-5099-430a-b26b-a684a9433c7d.wxs.aliquot_ensemble_raw.maf.gz	6b43df06b0c200cc546a45f23d4e98bc	71135	released
6dea8338-bb66-4a02-a81c-f26b2add2118	80334a86-3498-4e73-bd8b-8afcfae51ddf.wxs.aliquot_ensemble_raw.maf.gz	e6cc0d51b103a1bba72c4de810760eb9	178864	released
1076e15b-191d-47a7-b13a-b16301a9d9c7	c714f92e-558d-4f85-8994-7382693f7cdf.wxs.aliquot_ensemble_raw.maf.gz	049d7aa17462701caaebaae710e1da41	278580	released
ff8d6833-de72-4ea7-a1d3-dbb8f29070d2	df70268e-35b9-432f-bffa-f30fc2ac687f.wxs.aliquot_ensemble_raw.maf.gz	82f92599325b95afaab8ac158d6fef02	69518	released
fe3bb100-b6df-4d29-99b5-4d3edb0994f8	32131c87-c7db-41cc-990c-f62e1788ad0d.wxs.aliquot_ensemble_raw.maf.gz	220707de5322c24c4e31846b25ce2cae	170159	released
b11312dd-3a66-4b08-af99-7978c4560852	f23b4acf-62d8-4d13-b9fd-af057efe30e4.wxs.aliquot_ensemble_raw.maf.gz	f313f9502c981626d675bd4623ca6bcb	67476	released
3de4d317-2c69-4367-af93-1fe90605e2db	42c632bc-1a83-49b5-8a58-dcbd452aa967.wxs.aliquot_ensemble_raw.maf.gz	8a86eab503f8420c12a386366fe10ab9	219395	released
6dc037f1-f6bd-4016-9b19-b13a3ea32701	526a5161-6921-4c86-9c96-629573f09efd.wxs.aliquot_ensemble_raw.maf.gz	0a7d5660f74871f5b1cd67d4a475ae28	574686	released
a07d12b1-b7bd-4508-9298-3e3d29f0d488	6a79e84d-2632-43b4-83a2-d54794114f33.wxs.aliquot_ensemble_raw.maf.gz	0658321c10b2a93bb3957094891398f4	540094	released
da357599-9260-4ce1-8a2c-17ef61c2fe9d	2e74d26e-c0c8-49dc-98d8-88d28a98f662.wxs.aliquot_ensemble_raw.maf.gz	2855ca39e262e49a0f44b6fa6f263405	201119	released
